country_region,date_stamp,valence_intensity,anger_intensity,fear_intensity,sadness_intensity,joy_intensity
Anguilla,2020-06-13,0.569,0.428,0.329,0.334,0.381
Antarctica,2020-10-02,0.413,0.451,0.384,0.405,0.282
Argentina,2020-03-19,0.25,0.674,0.552,0.564,0.124
Argentina,2020-04-26,0.434,0.396,0.521,0.369,0.274
Argentina,2020-04-30,0.407,0.354,0.36,0.39,0.238
Argentina,2020-11-26,0.386,0.369,0.343,0.395,0.234
Australia,2020-02-17,0.311,0.5479999999999999,0.602,0.547,0.238
Australia,2020-03-19,0.5,0.442,0.513,0.408,0.389
Australia,2020-03-21,0.389,0.542,0.501,0.443,0.27
Australia,2020-03-28,0.752,0.229,0.235,0.276,0.609
Australia,2020-03-29,0.5075,0.373,0.377,0.384,0.3515
Australia,2020-04-01,0.556,0.368,0.335,0.355,0.37
Australia,2020-04-03,0.524,0.325,0.412,0.392,0.245
Australia,2020-04-04,0.329,0.519,0.5670000000000001,0.511,0.198
Australia,2020-04-13,0.463,0.428,0.501,0.428,0.275
Australia,2020-04-15,0.486,0.336,0.453,0.385,0.336
Australia,2020-04-18,0.399,0.396,0.409,0.412,0.223
Australia,2020-04-26,0.539,0.388,0.329,0.309,0.363
Australia,2020-04-28,0.5479999999999999,0.368,0.34,0.297,0.358
Australia,2020-05-01,0.462,0.411,0.422,0.442,0.319
Australia,2020-05-04,0.446,0.41700000000000004,0.4485,0.437,0.24350000000000002
Australia,2020-05-09,0.322,0.609,0.552,0.493,0.211
Australia,2020-05-15,0.463,0.459,0.467,0.406,0.276
Australia,2020-05-19,0.428,0.505,0.458,0.424,0.26
Australia,2020-05-25,0.361,0.519,0.43,0.4970000000000001,0.196
Australia,2020-05-26,0.459,0.414,0.428,0.4,0.21600000000000005
Australia,2020-06-05,0.358,0.498,0.515,0.4320000000000001,0.311
Australia,2020-06-09,0.3255,0.5045,0.513,0.47850000000000004,0.2235
Australia,2020-07-05,0.403,0.515,0.502,0.4370000000000001,0.304
Australia,2020-07-10,0.491,0.38,0.385,0.398,0.334
Australia,2020-07-14,0.466,0.451,0.406,0.414,0.29
Australia,2020-07-15,0.362,0.535,0.54,0.476,0.152
Australia,2020-07-23,0.374,0.477,0.655,0.513,0.193
Australia,2020-07-24,0.45,0.424,0.519,0.49,0.29600000000000004
Australia,2020-07-28,0.423,0.354,0.498,0.415,0.249
Australia,2020-08-06,0.342,0.589,0.5329999999999999,0.451,0.162
Australia,2020-08-07,0.588,0.335,0.32299999999999995,0.358,0.428
Australia,2020-08-10,0.569,0.328,0.417,0.322,0.445
Australia,2020-08-17,0.484,0.41,0.377,0.405,0.304
Australia,2020-08-18,0.425,0.465,0.556,0.455,0.257
Australia,2020-08-23,0.57,0.375,0.312,0.39,0.472
Australia,2020-08-26,0.685,0.35,0.3,0.289,0.518
Australia,2020-09-03,0.342,0.491,0.401,0.484,0.175
Australia,2020-09-06,0.384,0.431,0.523,0.529,0.206
Australia,2020-09-10,0.585,0.322,0.302,0.274,0.443
Australia,2020-09-16,0.6709999999999999,0.34600000000000003,0.325,0.281,0.494
Australia,2020-09-18,0.436,0.4920000000000001,0.514,0.361,0.269
Australia,2020-09-21,0.502,0.441,0.414,0.392,0.236
Australia,2020-09-23,0.407,0.412,0.501,0.419,0.22
Australia,2020-09-27,0.418,0.467,0.442,0.43,0.3
Australia,2020-10-01,0.5489999999999999,0.31,0.344,0.317,0.339
Australia,2020-10-02,0.526,0.39,0.363,0.315,0.349
Australia,2020-10-10,0.501,0.376,0.35,0.344,0.324
Australia,2020-10-19,0.439,0.495,0.386,0.386,0.263
Australia,2020-10-24,0.41,0.474,0.529,0.46,0.277
Australia,2020-10-28,0.4535,0.4275,0.39549999999999996,0.41200000000000003,0.325
Australia,2020-10-30,0.585,0.384,0.326,0.373,0.409
Australia,2020-10-31,0.402,0.421,0.484,0.421,0.226
Australia,2020-11-01,0.469,0.453,0.513,0.428,0.264
Australia,2020-11-11,0.737,0.268,0.321,0.295,0.57
Australia,2020-11-14,0.46,0.387,0.428,0.38,0.28600000000000003
Australia,2020-11-20,0.318,0.494,0.631,0.628,0.166
Australia,2020-11-24,0.381,0.498,0.527,0.426,0.244
Australia,2020-11-25,0.565,0.44,0.348,0.318,0.396
Australia,2020-11-27,0.456,0.493,0.511,0.5,0.275
Australia,2020-12-01,0.48450000000000004,0.431,0.3785,0.371,0.35250000000000004
Australia,2020-12-03,0.508,0.385,0.4370000000000001,0.333,0.344
Australia,2020-12-06,0.544,0.335,0.333,0.358,0.386
Australia,2020-12-09,0.62,0.371,0.449,0.336,0.486
Australia,2020-12-11,0.503,0.469,0.43,0.371,0.292
Australia,2020-12-12,0.496,0.328,0.463,0.36,0.252
Australia,2020-12-26,0.454,0.455,0.502,0.485,0.273
Australia,2020-12-29,0.4495,0.375,0.4135,0.3815,0.259
Austria,2020-03-19,0.336,0.531,0.5870000000000001,0.498,0.226
Austria,2020-05-12,0.509,0.43,0.368,0.35600000000000004,0.369
Austria,2020-07-27,0.531,0.396,0.423,0.34600000000000003,0.34600000000000003
Austria,2020-12-05,0.516,0.35700000000000004,0.273,0.333,0.403
Bahamas,2020-04-04,0.348,0.487,0.583,0.58,0.263
Bahrain,2020-04-26,0.547,0.374,0.399,0.35,0.394
Bangladesh,2020-05-10,0.542,0.342,0.308,0.35200000000000004,0.382
Bangladesh,2020-10-22,0.355,0.544,0.5670000000000001,0.521,0.209
Barbados,2020-06-04,0.418,0.486,0.458,0.44,0.264
Belgium,2020-03-21,0.386,0.496,0.612,0.486,0.238
Belgium,2020-04-03,0.503,0.35700000000000004,0.411,0.295,0.353
Belgium,2020-04-27,0.594,0.385,0.338,0.299,0.467
Belgium,2020-06-23,0.565,0.377,0.407,0.364,0.4320000000000001
Belgium,2020-08-28,0.525,0.338,0.363,0.297,0.306
Belgium,2020-10-26,0.359,0.5379999999999999,0.6990000000000001,0.494,0.187
Botswana,2020-05-17,0.396,0.474,0.489,0.45,0.23
Botswana,2020-08-12,0.399,0.477,0.575,0.429,0.19
Brazil,2020-02-11,0.494,0.349,0.271,0.229,0.331
Brazil,2020-06-21,0.376,0.438,0.517,0.541,0.268
Brazil,2020-11-12,0.5379999999999999,0.363,0.28600000000000003,0.336,0.368
Brazil,2020-11-19,0.465,0.4370000000000001,0.355,0.308,0.4
Cambodia,2020-03-19,0.411,0.417,0.556,0.416,0.184
Canada,2020-02-03,0.49,0.295,0.397,0.299,0.308
Canada,2020-02-17,0.331,0.531,0.556,0.4320000000000001,0.206
Canada,2020-02-29,0.349,0.5660000000000001,0.562,0.542,0.206
Canada,2020-03-01,0.57,0.34600000000000003,0.363,0.365,0.4
Canada,2020-03-09,0.40349999999999997,0.45899999999999996,0.429,0.4320000000000001,0.22899999999999998
Canada,2020-03-10,0.4165,0.537,0.4565,0.4385,0.288
Canada,2020-03-11,0.491,0.366,0.481,0.391,0.34600000000000003
Canada,2020-03-13,0.4320000000000001,0.496,0.536,0.451,0.308
Canada,2020-03-14,0.4800000000000001,0.4605,0.438,0.3955,0.345
Canada,2020-03-15,0.5103333333333333,0.38633333333333336,0.3293333333333333,0.3666666666666667,0.34
Canada,2020-03-16,0.413,0.5429999999999999,0.522,0.503,0.28
Canada,2020-03-17,0.41900000000000004,0.4626666666666666,0.4613333333333333,0.41100000000000003,0.2976666666666667
Canada,2020-03-19,0.34600000000000003,0.474,0.589,0.476,0.156
Canada,2020-03-21,0.474,0.321,0.482,0.444,0.324
Canada,2020-03-22,0.514,0.3720000000000001,0.381,0.332,0.34700000000000003
Canada,2020-03-23,0.531,0.416,0.359,0.424,0.403
Canada,2020-03-25,0.593,0.392,0.401,0.409,0.468
Canada,2020-03-26,0.598,0.28800000000000003,0.315,0.322,0.429
Canada,2020-03-27,0.464,0.442,0.531,0.422,0.337
Canada,2020-04-01,0.517,0.44,0.4,0.379,0.365
Canada,2020-04-03,0.5109999999999999,0.374,0.4405,0.37150000000000005,0.35150000000000003
Canada,2020-04-04,0.449,0.45875,0.44799999999999995,0.41975000000000007,0.27775
Canada,2020-04-05,0.5205,0.43750000000000006,0.38250000000000006,0.386,0.379
Canada,2020-04-08,0.573,0.359,0.35,0.295,0.425
Canada,2020-04-09,0.5336666666666666,0.4176666666666667,0.37966666666666676,0.36333333333333334,0.33866666666666667
Canada,2020-04-10,0.542,0.421,0.40349999999999997,0.3875,0.416
Canada,2020-04-12,0.701,0.369,0.253,0.276,0.5579999999999999
Canada,2020-04-13,0.626,0.35600000000000004,0.429,0.397,0.465
Canada,2020-04-14,0.413,0.449,0.583,0.478,0.275
Canada,2020-04-17,0.626,0.319,0.391,0.259,0.439
Canada,2020-04-18,0.569,0.366,0.368,0.334,0.3670000000000001
Canada,2020-04-20,0.4320000000000001,0.464,0.464,0.412,0.28300000000000003
Canada,2020-04-22,0.46499999999999997,0.427,0.444,0.38849999999999996,0.23399999999999999
Canada,2020-04-23,0.5125,0.33199999999999996,0.37500000000000006,0.41700000000000004,0.384
Canada,2020-04-25,0.581,0.345,0.345,0.329,0.36
Canada,2020-04-26,0.456,0.394,0.48,0.369,0.257
Canada,2020-04-28,0.5225,0.352,0.328,0.31400000000000006,0.37150000000000005
Canada,2020-04-29,0.436,0.397,0.422,0.378,0.202
Canada,2020-04-30,0.629,0.307,0.442,0.349,0.451
Canada,2020-05-02,0.44300000000000006,0.4255,0.4085,0.372,0.258
Canada,2020-05-07,0.53,0.392,0.329,0.327,0.422
Canada,2020-05-08,0.384,0.541,0.475,0.473,0.206
Canada,2020-05-10,0.535,0.34700000000000003,0.5770000000000001,0.406,0.377
Canada,2020-05-15,0.403,0.498,0.513,0.466,0.273
Canada,2020-05-16,0.32,0.495,0.546,0.507,0.161
Canada,2020-05-26,0.457,0.421,0.441,0.376,0.328
Canada,2020-06-02,0.546,0.321,0.281,0.34600000000000003,0.317
Canada,2020-06-03,0.502,0.416,0.4270000000000001,0.368,0.34
Canada,2020-06-05,0.426,0.465,0.383,0.395,0.299
Canada,2020-06-12,0.496,0.324,0.339,0.315,0.364
Canada,2020-06-22,0.613,0.399,0.3,0.34,0.4370000000000001
Canada,2020-06-24,0.473,0.429,0.378,0.388,0.266
Canada,2020-06-25,0.456,0.409,0.4370000000000001,0.405,0.281
Canada,2020-06-26,0.526,0.442,0.397,0.313,0.379
Canada,2020-06-28,0.527,0.4,0.34,0.335,0.421
Canada,2020-07-02,0.479,0.462,0.511,0.379,0.327
Canada,2020-07-06,0.4736666666666667,0.39299999999999996,0.418,0.37200000000000005,0.32466666666666666
Canada,2020-07-10,0.64,0.28800000000000003,0.266,0.257,0.474
Canada,2020-07-16,0.529,0.39,0.43,0.354,0.355
Canada,2020-07-20,0.357,0.45999999999999996,0.6285000000000001,0.567,0.1895
Canada,2020-07-21,0.388,0.484,0.412,0.43,0.282
Canada,2020-08-02,0.59,0.429,0.334,0.311,0.491
Canada,2020-08-03,0.5055000000000001,0.3325,0.36,0.3285,0.32599999999999996
Canada,2020-08-06,0.46299999999999997,0.388,0.45200000000000007,0.4025,0.262
Canada,2020-08-11,0.368,0.524,0.43,0.4320000000000001,0.222
Canada,2020-08-12,0.568,0.395,0.292,0.32,0.417
Canada,2020-08-17,0.425,0.444,0.418,0.426,0.294
Canada,2020-08-24,0.28,0.5529999999999999,0.557,0.606,0.18600000000000005
Canada,2020-08-26,0.355,0.525,0.489,0.46299999999999997,0.2215
Canada,2020-08-30,0.3695,0.5075000000000001,0.5175000000000001,0.49349999999999994,0.245
Canada,2020-09-01,0.563,0.391,0.386,0.383,0.332
Canada,2020-09-02,0.298,0.583,0.622,0.601,0.16699999999999998
Canada,2020-09-07,0.448,0.446,0.381,0.371,0.317
Canada,2020-09-08,0.415,0.489,0.481,0.468,0.218
Canada,2020-09-12,0.45,0.461,0.535,0.457,0.29
Canada,2020-09-18,0.608,0.366,0.263,0.282,0.489
Canada,2020-09-19,0.556,0.31,0.316,0.324,0.37
Canada,2020-09-21,0.515,0.386,0.41,0.312,0.361
Canada,2020-09-22,0.44,0.442,0.455,0.4270000000000001,0.227
Canada,2020-09-30,0.252,0.5720000000000001,0.502,0.591,0.125
Canada,2020-10-01,0.48,0.39649999999999996,0.396,0.41800000000000004,0.314
Canada,2020-10-02,0.4955,0.4515,0.40700000000000003,0.37,0.3765
Canada,2020-10-04,0.267,0.7020000000000001,0.472,0.504,0.172
Canada,2020-10-05,0.3855,0.47250000000000003,0.48650000000000004,0.48050000000000004,0.251
Canada,2020-10-07,0.522,0.34600000000000003,0.394,0.35700000000000004,0.37
Canada,2020-10-08,0.4370000000000001,0.453,0.401,0.4,0.235
Canada,2020-10-13,0.605,0.328,0.306,0.287,0.378
Canada,2020-10-16,0.281,0.52,0.613,0.534,0.108
Canada,2020-10-20,0.5670000000000001,0.293,0.21600000000000005,0.3,0.46
Canada,2020-10-24,0.45,0.506,0.468,0.46,0.284
Canada,2020-10-28,0.483,0.412,0.552,0.387,0.309
Canada,2020-10-30,0.507,0.401,0.393,0.408,0.34600000000000003
Canada,2020-11-01,0.4315,0.5325,0.41500000000000004,0.403,0.2615
Canada,2020-11-05,0.518,0.405,0.373,0.349,0.383
Canada,2020-11-10,0.309,0.52,0.512,0.54,0.192
Canada,2020-11-11,0.35,0.489,0.618,0.458,0.253
Canada,2020-11-18,0.449,0.391,0.443,0.399,0.315
Canada,2020-11-20,0.574,0.364,0.333,0.301,0.467
Canada,2020-11-25,0.51,0.4320000000000001,0.318,0.361,0.342
Canada,2020-11-26,0.506,0.4085,0.348,0.3205,0.3375
Canada,2020-11-28,0.311,0.494,0.581,0.564,0.228
Canada,2020-11-29,0.4503333333333334,0.46466666666666673,0.446,0.4143333333333333,0.3223333333333333
Canada,2020-12-01,0.636,0.365,0.281,0.303,0.436
Canada,2020-12-07,0.489,0.429,0.387,0.333,0.318
Canada,2020-12-10,0.3575,0.4985,0.516,0.46599999999999997,0.1995
Canada,2020-12-14,0.584,0.392,0.459,0.3670000000000001,0.366
Canada,2020-12-17,0.451,0.445,0.393,0.382,0.279
Canada,2020-12-20,0.501,0.336,0.445,0.471,0.386
Canada,2020-12-21,0.5795,0.35750000000000004,0.4525,0.3765,0.4015
Canada,2020-12-22,0.471,0.437,0.474,0.4235,0.35650000000000004
Canada,2020-12-24,0.416,0.465,0.435,0.426,0.258
Canada,2020-12-27,0.315,0.55,0.5670000000000001,0.5489999999999999,0.192
Canada,2020-12-28,0.544,0.387,0.355,0.366,0.408
Canada,2020-12-30,0.53,0.408,0.324,0.331,0.359
Canada,2020-12-31,0.6890000000000001,0.192,0.289,0.251,0.574
Canada,2021-01-01,0.491,0.304,0.32,0.32299999999999995,0.309
Central African Republic,2020-07-17,0.462,0.404,0.402,0.373,0.269
China,2020-02-28,0.534,0.363,0.394,0.311,0.386
China,2020-03-23,0.412,0.411,0.511,0.47,0.242
China,2020-05-08,0.495,0.375,0.35200000000000004,0.377,0.368
China,2020-09-11,0.461,0.457,0.502,0.438,0.245
Colombia,2020-03-30,0.41,0.5479999999999999,0.384,0.406,0.218
Colombia,2020-08-21,0.48,0.384,0.355,0.35200000000000004,0.303
Congo - Kinshasa,2020-03-20,0.602,0.34700000000000003,0.277,0.34600000000000003,0.41
Croatia,2020-10-25,0.5489999999999999,0.35200000000000004,0.453,0.341,0.397
Cyprus,2020-08-16,0.498,0.377,0.3720000000000001,0.38,0.32
Denmark,2020-07-02,0.447,0.434,0.379,0.382,0.293
Denmark,2020-09-19,0.29100000000000004,0.503,0.478,0.4920000000000001,0.21
Denmark,2020-10-01,0.384,0.595,0.5870000000000001,0.526,0.34
Denmark,2020-11-22,0.375,0.517,0.419,0.446,0.231
Denmark,2020-12-03,0.269,0.563,0.5579999999999999,0.6409999999999999,0.14
Dominican Republic,2020-07-18,0.445,0.489,0.261,0.342,0.393
Egypt,2020-03-19,0.55,0.391,0.394,0.329,0.414
Egypt,2020-06-10,0.434,0.387,0.345,0.3670000000000001,0.222
Fiji,2020-07-31,0.467,0.417,0.5579999999999999,0.406,0.29600000000000004
Finland,2020-08-06,0.369,0.436,0.336,0.384,0.175
France,2020-03-18,0.421,0.508,0.504,0.556,0.324
France,2020-03-19,0.444,0.365,0.59,0.456,0.268
France,2020-03-30,0.498,0.491,0.503,0.476,0.326
France,2020-05-12,0.526,0.373,0.301,0.341,0.35600000000000004
France,2020-05-29,0.373,0.5329999999999999,0.358,0.349,0.217
France,2020-07-02,0.441,0.455,0.589,0.408,0.24
France,2020-12-01,0.42,0.445,0.498,0.446,0.249
Gambia,2020-11-18,0.537,0.408,0.408,0.312,0.377
Georgia,2020-03-24,0.472,0.47,0.481,0.4,0.345
Georgia,2020-03-27,0.6,0.411,0.333,0.322,0.458
Georgia,2020-07-10,0.222,0.606,0.518,0.5589999999999999,0.159
Georgia,2020-09-28,0.457,0.53,0.578,0.498,0.328
Georgia,2020-10-02,0.436,0.446,0.418,0.412,0.393
Georgia,2020-11-23,0.58,0.358,0.373,0.29600000000000004,0.386
Georgia,2020-12-27,0.426,0.365,0.451,0.464,0.234
Germany,2020-02-25,0.402,0.493,0.469,0.446,0.219
Germany,2020-03-24,0.562,0.416,0.355,0.329,0.398
Germany,2020-03-25,0.374,0.4970000000000001,0.468,0.456,0.251
Germany,2020-03-30,0.43499999999999994,0.47300000000000003,0.4205,0.4295,0.349
Germany,2020-03-31,0.396,0.485,0.458,0.444,0.28
Germany,2020-04-28,0.4920000000000001,0.3670000000000001,0.462,0.365,0.294
Germany,2020-04-30,0.488,0.308,0.316,0.32299999999999995,0.381
Germany,2020-06-26,0.541,0.428,0.483,0.35,0.389
Germany,2020-06-30,0.532,0.429,0.336,0.297,0.379
Germany,2020-07-08,0.524,0.371,0.368,0.336,0.34700000000000003
Germany,2020-07-11,0.436,0.5529999999999999,0.488,0.478,0.318
Germany,2020-07-17,0.477,0.513,0.392,0.397,0.33
Germany,2020-11-04,0.326,0.545,0.517,0.494,0.258
Germany,2020-12-11,0.225,0.5870000000000001,0.809,0.741,0.17800000000000002
Germany,2020-12-21,0.463,0.464,0.468,0.442,0.365
Ghana,2020-04-05,0.363,0.484,0.594,0.447,0.206
Ghana,2020-04-06,0.41100000000000003,0.4355,0.5215000000000001,0.446,0.219
Ghana,2020-06-08,0.438,0.503,0.409,0.406,0.235
Ghana,2020-06-20,0.473,0.421,0.458,0.42,0.225
Ghana,2020-06-27,0.536,0.303,0.32299999999999995,0.368,0.388
Ghana,2020-07-08,0.366,0.476,0.4970000000000001,0.48,0.23
Ghana,2020-09-08,0.474,0.408,0.442,0.36,0.31
Ghana,2020-12-26,0.446,0.443,0.38,0.421,0.217
Greece,2020-03-25,0.6920000000000001,0.247,0.34700000000000003,0.315,0.522
Greece,2020-05-22,0.382,0.593,0.449,0.423,0.141
Greece,2020-10-20,0.447,0.414,0.374,0.378,0.256
Grenada,2020-07-28,0.5920000000000001,0.237,0.246,0.251,0.398
Honduras,2020-08-30,0.322,0.518,0.627,0.574,0.173
Hong Kong,2020-01-31,0.273,0.5329999999999999,0.601,0.72,0.18600000000000005
Hong Kong,2020-02-18,0.333,0.434,0.5329999999999999,0.51,0.163
Hong Kong,2020-04-05,0.32299999999999995,0.562,0.545,0.537,0.184
Hungary,2020-06-23,0.541,0.402,0.404,0.36,0.343
India,2020-01-29,0.377,0.46,0.459,0.4320000000000001,0.222
India,2020-02-13,0.365,0.525,0.537,0.484,0.234
India,2020-02-17,0.532,0.355,0.457,0.456,0.362
India,2020-03-02,0.333,0.579,0.518,0.493,0.183
India,2020-03-05,0.4920000000000001,0.308,0.514,0.375,0.331
India,2020-03-13,0.4,0.488,0.63,0.529,0.308
India,2020-03-15,0.408,0.435,0.474,0.416,0.232
India,2020-03-16,0.565,0.3205,0.33599999999999997,0.3175,0.4245
India,2020-03-18,0.5329999999999999,0.418,0.394,0.354,0.406
India,2020-03-20,0.4096666666666667,0.5016666666666666,0.5523333333333333,0.4623333333333333,0.258
India,2020-03-21,0.476,0.46950000000000003,0.4235,0.4035,0.3215
India,2020-03-22,0.4483333333333334,0.486,0.412,0.42533333333333334,0.27766666666666673
India,2020-03-23,0.507,0.4210000000000001,0.43499999999999994,0.41880000000000006,0.3296
India,2020-03-24,0.476,0.476,0.522,0.441,0.3
India,2020-03-25,0.491,0.332,0.461,0.359,0.337
India,2020-03-26,0.47,0.43,0.481,0.393,0.322
India,2020-03-27,0.5870000000000001,0.366,0.388,0.337,0.413
India,2020-03-28,0.5179999999999999,0.4296666666666667,0.38966666666666666,0.4013333333333333,0.3673333333333333
India,2020-03-29,0.414,0.418,0.42,0.4320000000000001,0.311
India,2020-03-30,0.3706666666666667,0.5053333333333333,0.5183333333333333,0.47700000000000004,0.20133333333333334
India,2020-03-31,0.48860000000000003,0.399,0.4056,0.3816,0.3386
India,2020-04-01,0.598,0.397,0.254,0.333,0.4320000000000001
India,2020-04-02,0.557,0.396,0.342,0.333,0.397
India,2020-04-03,0.49466666666666664,0.36833333333333335,0.41733333333333333,0.379,0.292
India,2020-04-05,0.408,0.4666666666666666,0.5203333333333333,0.426,0.28099999999999997
India,2020-04-06,0.5383333333333332,0.3973333333333333,0.44333333333333336,0.38233333333333336,0.3626666666666667
India,2020-04-08,0.53,0.44,0.422,0.374,0.353
India,2020-04-09,0.4155,0.5115,0.4665,0.4705,0.2575
India,2020-04-11,0.4535,0.4375,0.4585,0.3815,0.308
India,2020-04-12,0.445,0.41,0.422,0.434,0.337
India,2020-04-13,0.4805,0.41200000000000003,0.4795,0.4255,0.3295
India,2020-04-15,0.442,0.514,0.589,0.52,0.298
India,2020-04-16,0.514,0.3745,0.41999999999999993,0.371,0.317
India,2020-04-18,0.3855,0.42900000000000005,0.4545,0.499,0.266
India,2020-04-20,0.6055,0.335,0.3915,0.33299999999999996,0.4215
India,2020-04-21,0.418,0.466,0.5529999999999999,0.442,0.285
India,2020-04-22,0.349,0.498,0.474,0.494,0.218
India,2020-04-23,0.406,0.511,0.5539999999999999,0.431,0.235
India,2020-04-25,0.505,0.415,0.522,0.425,0.332
India,2020-04-26,0.524,0.379,0.349,0.338,0.34700000000000003
India,2020-04-27,0.383,0.494,0.509,0.4610000000000001,0.20700000000000002
India,2020-04-28,0.51,0.4385,0.377,0.3185,0.3385
India,2020-04-29,0.474,0.41,0.505,0.474,0.282
India,2020-04-30,0.38999999999999996,0.509,0.5656666666666667,0.5303333333333333,0.22366666666666668
India,2020-05-01,0.415,0.462,0.35700000000000004,0.4320000000000001,0.23
India,2020-05-04,0.4685,0.4345,0.4415,0.374,0.3295
India,2020-05-05,0.5058,0.4114000000000001,0.42400000000000004,0.3708,0.3494
India,2020-05-06,0.4255,0.40149999999999997,0.616,0.48,0.26549999999999996
India,2020-05-07,0.6366666666666666,0.3256666666666667,0.3336666666666666,0.33066666666666666,0.4583333333333333
India,2020-05-08,0.542,0.35,0.425,0.396,0.384
India,2020-05-10,0.578,0.35600000000000004,0.457,0.426,0.3670000000000001
India,2020-05-11,0.42800000000000005,0.4545,0.542,0.4415,0.261
India,2020-05-13,0.625,0.33999999999999997,0.3365,0.2875,0.445
India,2020-05-14,0.5710000000000001,0.369,0.36,0.333,0.395
India,2020-05-15,0.4805,0.346,0.36650000000000005,0.3775,0.316
India,2020-05-16,0.498,0.4270000000000001,0.336,0.327,0.38
India,2020-05-17,0.5996666666666667,0.35766666666666663,0.306,0.3406666666666667,0.461
India,2020-05-18,0.495,0.4,0.387,0.382,0.32499999999999996
India,2020-05-20,0.488,0.4625,0.4535,0.4105,0.32899999999999996
India,2020-05-21,0.6045,0.3285,0.3705,0.32599999999999996,0.415
India,2020-05-22,0.514,0.386,0.474,0.354,0.334
India,2020-05-25,0.4215,0.483,0.48100000000000004,0.3785,0.28600000000000003
India,2020-05-29,0.403,0.514,0.573,0.506,0.306
India,2020-05-30,0.404,0.486,0.459,0.471,0.226
India,2020-05-31,0.467,0.406,0.456,0.395,0.301
India,2020-06-02,0.49300000000000005,0.386,0.4625,0.3655,0.29900000000000004
India,2020-06-03,0.586,0.318,0.284,0.312,0.395
India,2020-06-05,0.54,0.297,0.363,0.34600000000000003,0.407
India,2020-06-06,0.3875,0.5185,0.4565,0.42400000000000004,0.22599999999999998
India,2020-06-07,0.56,0.358,0.375,0.331,0.501
India,2020-06-09,0.359,0.468,0.596,0.5,0.152
India,2020-06-10,0.428,0.441,0.404,0.469,0.213
India,2020-06-12,0.384,0.502,0.6409999999999999,0.496,0.217
India,2020-06-14,0.481,0.41400000000000003,0.4605,0.392,0.3095
India,2020-06-26,0.472,0.464,0.503,0.469,0.3
India,2020-06-28,0.449,0.421,0.396,0.359,0.35200000000000004
India,2020-07-07,0.429,0.4235,0.4335,0.40249999999999997,0.3565
India,2020-07-08,0.5199999999999999,0.4036666666666667,0.42766666666666664,0.3956666666666666,0.36433333333333334
India,2020-07-09,0.361,0.534,0.536,0.456,0.183
India,2020-07-10,0.4065,0.4515,0.427,0.427,0.2475
India,2020-07-11,0.40633333333333344,0.434,0.5770000000000001,0.48266666666666663,0.2496666666666667
India,2020-07-12,0.474,0.412,0.421,0.353,0.29100000000000004
India,2020-07-13,0.39566666666666667,0.4683333333333333,0.49733333333333335,0.434,0.261
India,2020-07-15,0.3,0.563,0.605,0.5579999999999999,0.209
India,2020-07-16,0.503,0.344,0.362,0.35200000000000004,0.308
India,2020-07-17,0.534,0.402,0.362,0.3720000000000001,0.374
India,2020-07-19,0.32299999999999995,0.5525,0.5589999999999999,0.492,0.14600000000000002
India,2020-07-21,0.482,0.422,0.428,0.491,0.408
India,2020-07-22,0.468,0.297,0.335,0.308,0.329
India,2020-07-25,0.281,0.5529999999999999,0.557,0.633,0.172
India,2020-07-27,0.525,0.322,0.434,0.297,0.319
India,2020-07-28,0.5128,0.39380000000000004,0.4236,0.3882,0.33060000000000006
India,2020-07-29,0.5820000000000001,0.376,0.359,0.315,0.343
India,2020-07-31,0.511,0.365,0.383,0.3670000000000001,0.287
India,2020-08-02,0.358,0.5589999999999999,0.531,0.574,0.276
India,2020-08-03,0.608,0.28300000000000003,0.297,0.339,0.413
India,2020-08-04,0.416,0.473,0.489,0.462,0.208
India,2020-08-05,0.523,0.3805,0.3895,0.376,0.3095
India,2020-08-06,0.386,0.473,0.489,0.468,0.209
India,2020-08-07,0.5539999999999999,0.318,0.244,0.276,0.359
India,2020-08-08,0.471,0.408,0.41,0.413,0.336
India,2020-08-10,0.4630000000000001,0.4146666666666667,0.4216666666666667,0.447,0.3436666666666666
India,2020-08-14,0.399,0.478,0.5770000000000001,0.449,0.245
India,2020-08-15,0.519,0.44599999999999995,0.474,0.3915,0.352
India,2020-08-18,0.5449999999999999,0.4025,0.4830000000000001,0.382,0.37050000000000005
India,2020-08-20,0.463,0.476,0.5529999999999999,0.435,0.31
India,2020-08-21,0.35200000000000004,0.5423333333333332,0.496,0.5026666666666667,0.157
India,2020-08-25,0.474,0.398,0.431,0.384,0.326
India,2020-08-28,0.5,0.505,0.404,0.47,0.349
India,2020-09-01,0.383,0.49,0.4320000000000001,0.451,0.181
India,2020-09-10,0.46799999999999997,0.433,0.4555,0.393,0.3145
India,2020-09-12,0.503,0.446,0.41,0.371,0.359
India,2020-09-16,0.47,0.371,0.326,0.312,0.298
India,2020-09-17,0.35,0.57,0.59,0.569,0.234
India,2020-09-20,0.5065000000000001,0.38200000000000006,0.5325,0.4425,0.3045
India,2020-09-24,0.409,0.485,0.503,0.471,0.174
India,2020-09-27,0.3715,0.478,0.536,0.49450000000000005,0.2025
India,2020-09-29,0.5175,0.36,0.38949999999999996,0.4,0.281
India,2020-10-05,0.478,0.3670000000000001,0.332,0.387,0.317
India,2020-10-10,0.506,0.35200000000000004,0.36,0.382,0.246
India,2020-10-11,0.39,0.441,0.479,0.47,0.253
India,2020-10-12,0.489,0.518,0.378,0.494,0.315
India,2020-10-16,0.5589999999999999,0.377,0.32299999999999995,0.35100000000000003,0.442
India,2020-10-23,0.4,0.499,0.57,0.454,0.268
India,2020-10-30,0.451,0.483,0.494,0.431,0.28
India,2020-11-02,0.375,0.55,0.581,0.5329999999999999,0.17
India,2020-11-06,0.6509999999999999,0.316,0.299,0.311,0.511
India,2020-11-09,0.428,0.467,0.413,0.433,0.258
India,2020-11-10,0.517,0.359,0.28,0.293,0.294
India,2020-11-13,0.381,0.518,0.481,0.45,0.23
India,2020-11-19,0.32299999999999995,0.618,0.487,0.574,0.234
India,2020-11-21,0.526,0.343,0.4,0.32299999999999995,0.329
India,2020-11-25,0.3670000000000001,0.552,0.475,0.463,0.175
India,2020-11-27,0.499,0.396,0.28600000000000003,0.321,0.358
India,2020-12-01,0.523,0.3670000000000001,0.386,0.32,0.376
India,2020-12-04,0.625,0.354,0.443,0.385,0.362
India,2020-12-10,0.522,0.36,0.45,0.35700000000000004,0.35600000000000004
India,2020-12-17,0.462,0.381,0.405,0.363,0.261
India,2020-12-23,0.40800000000000003,0.4805,0.5375,0.459,0.22999999999999998
India,2020-12-26,0.502,0.337,0.393,0.3670000000000001,0.334
India,2020-12-27,0.32,0.509,0.369,0.416,0.155
Indonesia,2020-05-08,0.289,0.545,0.506,0.524,0.171
Indonesia,2020-05-29,0.5760000000000001,0.268,0.287,0.276,0.388
Indonesia,2020-06-06,0.43,0.35600000000000004,0.317,0.326,0.299
Indonesia,2020-08-13,0.483,0.455,0.35,0.385,0.254
Indonesia,2020-08-15,0.457,0.419,0.336,0.336,0.263
Indonesia,2020-12-31,0.609,0.29100000000000004,0.231,0.294,0.4320000000000001
Ireland,2020-03-27,0.36050000000000004,0.503,0.5395,0.49150000000000005,0.2525
Ireland,2020-04-01,0.457,0.502,0.531,0.484,0.358
Ireland,2020-04-08,0.382,0.482,0.526,0.487,0.236
Ireland,2020-04-17,0.6459999999999999,0.272,0.285,0.239,0.508
Ireland,2020-05-08,0.648,0.338,0.306,0.29,0.496
Ireland,2020-05-12,0.496,0.375,0.387,0.311,0.366
Ireland,2020-05-17,0.406,0.513,0.4,0.414,0.275
Ireland,2020-05-20,0.5539999999999999,0.377,0.307,0.3,0.493
Ireland,2020-05-26,0.534,0.393,0.525,0.4970000000000001,0.334
Ireland,2020-06-05,0.515,0.424,0.322,0.358,0.376
Ireland,2020-06-20,0.334,0.547,0.56,0.579,0.228
Ireland,2020-06-22,0.564,0.299,0.447,0.376,0.348
Ireland,2020-07-02,0.441,0.426,0.41,0.396,0.332
Ireland,2020-07-10,0.545,0.369,0.386,0.429,0.387
Ireland,2020-07-17,0.404,0.5660000000000001,0.519,0.495,0.246
Ireland,2020-07-23,0.66,0.35200000000000004,0.394,0.415,0.527
Ireland,2020-08-03,0.462,0.499,0.528,0.488,0.275
Ireland,2020-08-17,0.444,0.426,0.489,0.374,0.32299999999999995
Ireland,2020-08-28,0.473,0.382,0.326,0.36,0.371
Ireland,2020-08-31,0.383,0.495,0.444,0.395,0.226
Ireland,2020-09-01,0.386,0.488,0.494,0.464,0.214
Ireland,2020-09-03,0.464,0.416,0.355,0.305,0.34
Ireland,2020-09-06,0.557,0.384,0.33,0.307,0.394
Ireland,2020-09-22,0.507,0.402,0.439,0.359,0.292
Ireland,2020-10-15,0.487,0.499,0.493,0.42,0.299
Ireland,2020-10-20,0.425,0.489,0.449,0.42,0.314
Ireland,2020-10-21,0.382,0.5,0.539,0.529,0.222
Ireland,2020-10-30,0.541,0.393,0.336,0.335,0.377
Ireland,2020-11-06,0.521,0.438,0.392,0.383,0.337
Ireland,2020-11-23,0.455,0.428,0.512,0.338,0.225
Ireland,2020-12-10,0.496,0.385,0.463,0.441,0.34700000000000003
Ireland,2020-12-23,0.544,0.35700000000000004,0.506,0.404,0.404
Ireland,2020-12-30,0.531,0.415,0.339,0.366,0.376
Israel,2020-03-20,0.457,0.44,0.4920000000000001,0.496,0.366
Israel,2020-09-23,0.407,0.385,0.41,0.4320000000000001,0.221
Israel,2020-10-01,0.379,0.583,0.588,0.529,0.245
Israel,2020-11-23,0.306,0.5589999999999999,0.486,0.5379999999999999,0.195
Israel,2020-12-24,0.418,0.502,0.421,0.4370000000000001,0.251
Italy,2020-02-25,0.502,0.413,0.369,0.353,0.35600000000000004
Italy,2020-03-16,0.377,0.546,0.57,0.547,0.208
Italy,2020-05-05,0.331,0.501,0.546,0.451,0.259
Italy,2020-08-17,0.294,0.438,0.464,0.496,0.135
Italy,2020-10-08,0.426,0.5329999999999999,0.488,0.473,0.294
Italy,2020-11-14,0.46549999999999997,0.402,0.4,0.38449999999999995,0.2825
Italy,2020-11-22,0.507,0.396,0.498,0.433,0.362
Jamaica,2020-05-18,0.534,0.33,0.28600000000000003,0.271,0.381
Jamaica,2020-09-28,0.349,0.596,0.5329999999999999,0.496,0.223
Japan,2020-04-05,0.512,0.359,0.312,0.342,0.37
Japan,2020-05-06,0.423,0.44,0.477,0.435,0.277
Japan,2020-05-30,0.458,0.29600000000000004,0.292,0.292,0.258
Japan,2020-08-10,0.5479999999999999,0.35100000000000003,0.529,0.422,0.412
Japan,2020-09-01,0.57,0.405,0.358,0.322,0.457
Japan,2020-11-06,0.479,0.447,0.516,0.398,0.3
Japan,2020-12-11,0.536,0.369,0.383,0.31,0.293
Japan,2020-12-17,0.47,0.386,0.441,0.386,0.266
Japan,2021-01-01,0.45,0.403,0.518,0.417,0.295
Kenya,2020-03-15,0.435,0.363,0.39,0.366,0.235
Kenya,2020-03-17,0.445,0.4270000000000001,0.413,0.407,0.314
Kenya,2020-03-19,0.521,0.4035000000000001,0.452,0.379,0.3355
Kenya,2020-03-23,0.404,0.444,0.654,0.524,0.231
Kenya,2020-03-30,0.4320000000000001,0.447,0.51,0.4,0.315
Kenya,2020-04-02,0.34600000000000003,0.54,0.47,0.5429999999999999,0.2
Kenya,2020-04-04,0.484,0.429,0.389,0.404,0.321
Kenya,2020-04-05,0.44,0.468,0.4370000000000001,0.42,0.232
Kenya,2020-04-17,0.488,0.35,0.516,0.4,0.34700000000000003
Kenya,2020-04-22,0.436,0.446,0.474,0.461,0.209
Kenya,2020-05-18,0.287,0.617,0.5,0.5329999999999999,0.13699999999999998
Kenya,2020-05-28,0.4665,0.44399999999999995,0.40850000000000003,0.4275,0.28700000000000003
Kenya,2020-05-31,0.515,0.465,0.487,0.418,0.338
Kenya,2020-06-05,0.408,0.502,0.611,0.461,0.248
Kenya,2020-06-23,0.447,0.379,0.466,0.4,0.197
Kenya,2020-06-24,0.491,0.457,0.405,0.382,0.34
Kenya,2020-07-24,0.574,0.392,0.395,0.302,0.319
Kenya,2020-07-28,0.5075000000000001,0.362,0.37950000000000006,0.4265,0.3415
Kenya,2020-08-03,0.415,0.424,0.324,0.398,0.18
Kenya,2020-08-08,0.4525,0.437,0.42000000000000004,0.398,0.237
Kenya,2020-10-07,0.496,0.331,0.4320000000000001,0.365,0.28600000000000003
Kenya,2020-10-17,0.541,0.387,0.28800000000000003,0.312,0.345
Kenya,2020-11-11,0.43,0.408,0.409,0.394,0.204
Kenya,2020-11-20,0.5770000000000001,0.312,0.35600000000000004,0.306,0.404
Kenya,2020-11-26,0.39,0.447,0.373,0.441,0.242
Kenya,2020-12-11,0.45,0.442,0.418,0.428,0.267
Kuwait,2020-07-12,0.455,0.471,0.514,0.409,0.295
Kyrgyzstan,2020-07-22,0.282,0.524,0.652,0.623,0.231
Lebanon,2020-03-07,0.5720000000000001,0.333,0.424,0.334,0.373
Lebanon,2020-08-25,0.495,0.395,0.37,0.373,0.298
Lebanon,2020-12-26,0.488,0.4125,0.40149999999999997,0.3855,0.3275
Malawi,2020-04-23,0.514,0.271,0.32,0.3720000000000001,0.35100000000000003
Malaysia,2020-03-22,0.638,0.256,0.303,0.265,0.394
Malaysia,2020-03-24,0.619,0.231,0.301,0.29100000000000004,0.47
Malaysia,2020-03-28,0.528,0.446,0.35200000000000004,0.435,0.378
Malaysia,2020-03-29,0.536,0.359,0.326,0.387,0.34
Malaysia,2020-03-30,0.41,0.444,0.426,0.438,0.247
Malaysia,2020-04-07,0.5870000000000001,0.304,0.438,0.34700000000000003,0.393
Malaysia,2020-04-15,0.361,0.561,0.54,0.469,0.194
Malaysia,2020-04-25,0.326,0.505,0.45,0.491,0.189
Malaysia,2020-06-07,0.472,0.408,0.526,0.426,0.247
Malaysia,2020-08-15,0.475,0.446,0.513,0.467,0.227
Malaysia,2020-09-19,0.555,0.246,0.304,0.35600000000000004,0.4370000000000001
Malaysia,2020-09-30,0.315,0.521,0.397,0.447,0.17800000000000002
Malaysia,2020-10-02,0.503,0.447,0.341,0.306,0.461
Malaysia,2020-11-30,0.631,0.311,0.408,0.31,0.434
Maldives,2020-04-26,0.556,0.381,0.456,0.383,0.377
Maldives,2020-05-11,0.464,0.34600000000000003,0.565,0.481,0.314
Mexico,2020-04-17,0.544,0.3720000000000001,0.377,0.355,0.32299999999999995
Mexico,2020-11-15,0.5589999999999999,0.349,0.378,0.343,0.298
Namibia,2020-03-06,0.562,0.358,0.436,0.386,0.314
Namibia,2020-11-11,0.532,0.344,0.459,0.394,0.3720000000000001
Namibia,2020-12-25,0.429,0.503,0.58,0.486,0.265
Nepal,2020-03-22,0.503,0.332,0.355,0.316,0.339
Nepal,2020-04-11,0.418,0.511,0.564,0.446,0.32299999999999995
Nepal,2020-05-04,0.469,0.374,0.5379999999999999,0.395,0.297
Nepal,2020-05-13,0.391,0.501,0.502,0.435,0.312
Nepal,2020-08-26,0.555,0.324,0.456,0.408,0.431
Netherlands,2020-03-12,0.411,0.458,0.502,0.426,0.204
Netherlands,2020-03-15,0.344,0.578,0.424,0.459,0.274
Netherlands,2020-03-29,0.537,0.368,0.38,0.366,0.392
Netherlands,2020-03-31,0.314,0.585,0.597,0.584,0.168
Netherlands,2020-04-04,0.421,0.478,0.429,0.376,0.297
Netherlands,2020-04-15,0.531,0.388,0.359,0.35200000000000004,0.331
Netherlands,2020-06-12,0.363,0.599,0.498,0.498,0.198
Netherlands,2020-07-18,0.318,0.547,0.601,0.53,0.101
Netherlands,2020-09-14,0.486,0.472,0.413,0.37,0.302
Netherlands,2020-09-25,0.435,0.507,0.542,0.46,0.32
Netherlands,2020-10-07,0.398,0.449,0.5529999999999999,0.481,0.194
Netherlands,2020-10-14,0.552,0.35100000000000003,0.422,0.396,0.413
Netherlands,2020-10-28,0.461,0.445,0.402,0.37,0.304
Netherlands,2020-10-30,0.5529999999999999,0.304,0.362,0.383,0.32
Netherlands,2020-12-09,0.387,0.486,0.464,0.464,0.297
New Zealand,2020-03-21,0.527,0.269,0.339,0.398,0.373
New Zealand,2020-04-15,0.4970000000000001,0.416,0.366,0.403,0.251
New Zealand,2020-04-29,0.5,0.393,0.458,0.35700000000000004,0.365
New Zealand,2020-05-20,0.535,0.35600000000000004,0.328,0.333,0.397
New Zealand,2020-07-19,0.304,0.614,0.526,0.523,0.18
New Zealand,2020-09-02,0.4,0.445,0.457,0.401,0.279
New Zealand,2020-10-05,0.44,0.407,0.468,0.453,0.264
New Zealand,2020-10-18,0.529,0.399,0.382,0.35200000000000004,0.345
Nigeria,2020-02-04,0.444,0.35100000000000003,0.5670000000000001,0.421,0.293
Nigeria,2020-02-26,0.534,0.335,0.378,0.376,0.376
Nigeria,2020-03-13,0.5379999999999999,0.383,0.433,0.332,0.334
Nigeria,2020-03-14,0.636,0.272,0.278,0.311,0.458
Nigeria,2020-03-15,0.462,0.408,0.583,0.448,0.336
Nigeria,2020-03-16,0.518,0.389,0.339,0.3670000000000001,0.35100000000000003
Nigeria,2020-03-18,0.407,0.448,0.479,0.464,0.272
Nigeria,2020-03-21,0.39,0.494,0.5589999999999999,0.436,0.261
Nigeria,2020-03-25,0.5529999999999999,0.412,0.489,0.384,0.317
Nigeria,2020-03-26,0.406,0.499,0.429,0.535,0.252
Nigeria,2020-03-27,0.51,0.406,0.444,0.342,0.264
Nigeria,2020-03-28,0.45299999999999996,0.4205,0.3945,0.359,0.3435
Nigeria,2020-03-29,0.445,0.444,0.501,0.4,0.294
Nigeria,2020-03-30,0.438,0.42,0.377,0.35,0.315
Nigeria,2020-04-01,0.467,0.445,0.5579999999999999,0.487,0.234
Nigeria,2020-04-03,0.482,0.404,0.472,0.361,0.264
Nigeria,2020-04-04,0.342,0.569,0.601,0.505,0.154
Nigeria,2020-04-05,0.49649999999999994,0.313,0.35850000000000004,0.373,0.35
Nigeria,2020-04-06,0.443,0.501,0.522,0.504,0.307
Nigeria,2020-04-08,0.463,0.467,0.544,0.476,0.302
Nigeria,2020-04-10,0.472,0.424,0.42166666666666663,0.40900000000000003,0.30933333333333335
Nigeria,2020-04-13,0.415,0.5057499999999999,0.5075,0.46975,0.272
Nigeria,2020-04-14,0.439,0.457,0.4765,0.4415,0.287
Nigeria,2020-04-15,0.436,0.364,0.411,0.412,0.262
Nigeria,2020-04-17,0.284,0.633,0.484,0.5489999999999999,0.126
Nigeria,2020-04-20,0.4320000000000001,0.4270000000000001,0.446,0.374,0.274
Nigeria,2020-04-21,0.433,0.485,0.484,0.486,0.293
Nigeria,2020-04-26,0.45449999999999996,0.3965,0.4205,0.4605,0.301
Nigeria,2020-04-27,0.495,0.422,0.484,0.47,0.299
Nigeria,2020-04-30,0.5385,0.379,0.33699999999999997,0.36150000000000004,0.354
Nigeria,2020-05-01,0.409,0.48,0.38,0.388,0.326
Nigeria,2020-05-03,0.44749999999999995,0.493,0.5055000000000001,0.453,0.276
Nigeria,2020-05-04,0.513,0.398,0.49650000000000005,0.38,0.316
Nigeria,2020-05-09,0.353,0.479,0.573,0.522,0.238
Nigeria,2020-05-12,0.581,0.416,0.483,0.459,0.429
Nigeria,2020-05-27,0.416,0.4270000000000001,0.3720000000000001,0.402,0.305
Nigeria,2020-06-03,0.534,0.362,0.45,0.373,0.35600000000000004
Nigeria,2020-06-13,0.563,0.24,0.302,0.34,0.371
Nigeria,2020-06-14,0.394,0.392,0.398,0.415,0.246
Nigeria,2020-06-24,0.426,0.456,0.488,0.442,0.245
Nigeria,2020-07-01,0.505,0.317,0.43,0.354,0.29
Nigeria,2020-07-04,0.591,0.328,0.488,0.34,0.368
Nigeria,2020-07-11,0.444,0.469,0.409,0.389,0.258
Nigeria,2020-08-09,0.471,0.37,0.378,0.382,0.325
Nigeria,2020-08-11,0.563,0.374,0.345,0.311,0.363
Nigeria,2020-08-13,0.605,0.35100000000000003,0.269,0.312,0.45
Nigeria,2020-09-03,0.402,0.459,0.481,0.476,0.217
Nigeria,2020-09-25,0.561,0.3,0.377,0.343,0.32299999999999995
Nigeria,2020-10-11,0.544,0.29600000000000004,0.394,0.34700000000000003,0.334
Nigeria,2020-10-16,0.453,0.451,0.434,0.414,0.315
Nigeria,2020-10-22,0.435,0.5379999999999999,0.448,0.44,0.256
Nigeria,2020-11-20,0.408,0.496,0.433,0.401,0.243
Nigeria,2020-11-29,0.515,0.428,0.476,0.43,0.382
Nigeria,2020-12-20,0.473,0.324,0.3720000000000001,0.353,0.343
Nigeria,2020-12-21,0.443,0.428,0.545,0.434,0.29100000000000004
North Korea,2020-03-31,0.565,0.418,0.394,0.389,0.424
Norway,2020-03-13,0.385,0.465,0.5589999999999999,0.471,0.263
Norway,2020-05-13,0.422,0.476,0.475,0.415,0.208
Norway,2020-09-20,0.501,0.407,0.365,0.361,0.305
Norway,2020-10-06,0.398,0.42,0.415,0.462,0.213
Pakistan,2020-03-14,0.44,0.415,0.54,0.409,0.24
Pakistan,2020-03-16,0.679,0.36,0.376,0.35200000000000004,0.459
Pakistan,2020-03-24,0.441,0.417,0.43,0.4475,0.255
Pakistan,2020-03-25,0.498,0.435,0.481,0.44,0.37
Pakistan,2020-03-27,0.322,0.473,0.546,0.49,0.194
Pakistan,2020-03-28,0.388,0.483,0.581,0.495,0.256
Pakistan,2020-04-02,0.29100000000000004,0.602,0.579,0.498,0.122
Pakistan,2020-04-16,0.363,0.514,0.579,0.507,0.229
Pakistan,2020-04-19,0.67,0.359,0.309,0.354,0.539
Pakistan,2020-04-28,0.512,0.388,0.387,0.358,0.344
Pakistan,2020-05-09,0.466,0.5,0.541,0.484,0.331
Pakistan,2020-05-11,0.518,0.448,0.514,0.415,0.353
Pakistan,2020-05-14,0.6729999999999999,0.328,0.396,0.264,0.502
Pakistan,2020-05-18,0.5820000000000001,0.349,0.284,0.334,0.421
Pakistan,2020-05-25,0.535,0.401,0.398,0.382,0.359
Pakistan,2020-05-27,0.431,0.465,0.602,0.464,0.234
Pakistan,2020-06-10,0.39,0.518,0.56,0.501,0.244
Pakistan,2020-06-12,0.518,0.435,0.412,0.363,0.379
Pakistan,2020-06-13,0.502,0.426,0.389,0.409,0.35600000000000004
Pakistan,2020-06-22,0.524,0.401,0.4970000000000001,0.398,0.321
Pakistan,2020-06-25,0.38,0.5329999999999999,0.5,0.469,0.197
Pakistan,2020-06-29,0.414,0.4645,0.4545,0.4395,0.243
Pakistan,2020-08-04,0.471,0.464,0.402,0.433,0.363
Pakistan,2020-08-24,0.443,0.422,0.459,0.422,0.345
Pakistan,2020-09-08,0.392,0.518,0.6,0.503,0.29
Pakistan,2020-09-18,0.412,0.458,0.585,0.443,0.315
Pakistan,2020-09-22,0.303,0.5579999999999999,0.521,0.478,0.218
Pakistan,2020-10-28,0.544,0.303,0.278,0.268,0.36
Pakistan,2020-11-20,0.422,0.434,0.591,0.419,0.235
Pakistan,2020-12-25,0.449,0.436,0.443,0.388,0.348
Papua New Guinea,2020-03-23,0.482,0.379,0.506,0.388,0.303
Philippines,2020-02-02,0.464,0.354,0.329,0.332,0.297
Philippines,2020-02-16,0.5,0.348,0.445,0.398,0.354
Philippines,2020-02-17,0.471,0.446,0.412,0.413,0.315
Philippines,2020-03-15,0.444,0.312,0.362,0.441,0.284
Philippines,2020-03-17,0.451,0.393,0.402,0.35600000000000004,0.274
Philippines,2020-03-19,0.49749999999999994,0.4,0.4295,0.361,0.30800000000000005
Philippines,2020-03-23,0.445,0.482,0.452,0.393,0.228
Philippines,2020-03-26,0.451,0.425,0.341,0.378,0.218
Philippines,2020-03-29,0.488,0.473,0.51,0.45,0.34
Philippines,2020-04-12,0.4970000000000001,0.384,0.46,0.388,0.32
Philippines,2020-04-16,0.632,0.354,0.326,0.331,0.386
Philippines,2020-05-02,0.4920000000000001,0.378,0.439,0.421,0.281
Philippines,2020-05-04,0.636,0.264,0.37,0.264,0.392
Philippines,2020-05-14,0.499,0.371,0.381,0.387,0.267
Philippines,2020-05-19,0.417,0.424,0.331,0.338,0.277
Philippines,2020-05-25,0.3670000000000001,0.5379999999999999,0.535,0.529,0.234
Philippines,2020-06-24,0.517,0.4370000000000001,0.408,0.361,0.348
Philippines,2020-07-08,0.485,0.29100000000000004,0.232,0.4,0.27
Philippines,2020-07-12,0.293,0.59,0.435,0.466,0.17800000000000002
Philippines,2020-07-31,0.526,0.4,0.438,0.35700000000000004,0.363
Philippines,2020-08-05,0.523,0.333,0.341,0.384,0.34600000000000003
Philippines,2020-08-18,0.486,0.348,0.496,0.381,0.252
Philippines,2020-08-26,0.434,0.446,0.508,0.457,0.267
Philippines,2020-09-06,0.423,0.419,0.481,0.447,0.218
Philippines,2020-09-23,0.371,0.4920000000000001,0.42,0.459,0.235
Philippines,2020-10-17,0.405,0.442,0.407,0.366,0.331
Philippines,2020-11-06,0.53,0.377,0.467,0.3670000000000001,0.284
Portugal,2020-06-22,0.37,0.522,0.495,0.448,0.218
Portugal,2020-09-07,0.478,0.278,0.298,0.318,0.287
Portugal,2020-12-12,0.398,0.462,0.32,0.514,0.217
Portugal,2020-12-19,0.579,0.331,0.424,0.343,0.344
Romania,2020-12-11,0.527,0.35700000000000004,0.317,0.366,0.378
Rwanda,2020-06-04,0.536,0.371,0.385,0.35,0.341
Saudi Arabia,2020-05-05,0.5770000000000001,0.402,0.379,0.326,0.428
Senegal,2020-05-27,0.462,0.419,0.405,0.405,0.269
Serbia,2020-11-25,0.428,0.404,0.457,0.439,0.232
Singapore,2020-02-19,0.38,0.489,0.555,0.487,0.244
Singapore,2020-03-27,0.449,0.448,0.345,0.355,0.316
Singapore,2020-08-20,0.287,0.565,0.613,0.6,0.14400000000000002
Singapore,2020-08-23,0.35100000000000003,0.512,0.613,0.536,0.275
Singapore,2020-08-30,0.546,0.336,0.456,0.38,0.359
Slovenia,2020-03-21,0.65,0.332,0.28,0.279,0.579
South Africa,2020-01-28,0.404,0.444,0.629,0.5660000000000001,0.293
South Africa,2020-02-04,0.617,0.303,0.282,0.204,0.518
South Africa,2020-02-23,0.522,0.387,0.452,0.354,0.344
South Africa,2020-03-04,0.366,0.514,0.469,0.429,0.277
South Africa,2020-03-06,0.439,0.428,0.476,0.401,0.259
South Africa,2020-03-12,0.44200000000000006,0.43,0.427,0.44699999999999995,0.2905
South Africa,2020-03-23,0.45999999999999996,0.43899999999999995,0.447,0.41500000000000004,0.2395
South Africa,2020-03-28,0.42,0.478,0.428,0.451,0.2
South Africa,2020-03-31,0.326,0.445,0.57,0.519,0.213
South Africa,2020-04-01,0.522,0.423,0.369,0.355,0.333
South Africa,2020-04-05,0.3945000000000001,0.437,0.474,0.383,0.224
South Africa,2020-04-13,0.321,0.521,0.5539999999999999,0.5479999999999999,0.084
South Africa,2020-04-16,0.52,0.3720000000000001,0.438,0.35100000000000003,0.313
South Africa,2020-04-23,0.579,0.35700000000000004,0.382,0.339,0.385
South Africa,2020-04-30,0.47350000000000003,0.4585,0.39399999999999996,0.42500000000000004,0.271
South Africa,2020-05-01,0.393,0.545,0.431,0.482,0.236
South Africa,2020-05-08,0.3720000000000001,0.521,0.695,0.534,0.219
South Africa,2020-05-10,0.4395,0.41200000000000003,0.48450000000000004,0.45,0.30400000000000005
South Africa,2020-05-11,0.5455000000000001,0.37,0.37,0.401,0.41900000000000004
South Africa,2020-05-14,0.561,0.38,0.325,0.35600000000000004,0.433
South Africa,2020-05-15,0.396,0.448,0.617,0.467,0.247
South Africa,2020-05-16,0.569,0.4320000000000001,0.325,0.35700000000000004,0.422
South Africa,2020-05-21,0.44,0.464,0.405,0.4270000000000001,0.332
South Africa,2020-05-29,0.504,0.412,0.35100000000000003,0.302,0.37
South Africa,2020-06-03,0.292,0.55,0.546,0.5579999999999999,0.14800000000000002
South Africa,2020-06-04,0.548,0.41000000000000003,0.398,0.338,0.385
South Africa,2020-06-06,0.575,0.338,0.344,0.348,0.35
South Africa,2020-06-13,0.507,0.34600000000000003,0.459,0.349,0.35700000000000004
South Africa,2020-06-27,0.541,0.371,0.463,0.361,0.319
South Africa,2020-07-01,0.481,0.433,0.447,0.398,0.294
South Africa,2020-07-05,0.457,0.403,0.5379999999999999,0.431,0.29
South Africa,2020-07-06,0.399,0.466,0.61,0.542,0.332
South Africa,2020-07-10,0.35,0.512,0.404,0.442,0.263
South Africa,2020-07-12,0.6579999999999999,0.271,0.221,0.261,0.49849999999999994
South Africa,2020-07-17,0.447,0.444,0.434,0.38,0.404
South Africa,2020-07-27,0.5025000000000001,0.401,0.449,0.403,0.2585
South Africa,2020-08-04,0.4,0.471,0.379,0.396,0.244
South Africa,2020-08-10,0.379,0.418,0.57,0.478,0.205
South Africa,2020-08-22,0.309,0.616,0.453,0.527,0.142
South Africa,2020-08-24,0.413,0.495,0.453,0.476,0.293
South Africa,2020-09-09,0.411,0.475,0.413,0.443,0.263
South Africa,2020-09-11,0.5820000000000001,0.273,0.159,0.299,0.481
South Africa,2020-09-23,0.402,0.527,0.57,0.512,0.162
South Africa,2020-09-25,0.35600000000000004,0.556,0.4,0.423,0.198
South Africa,2020-09-30,0.33,0.574,0.579,0.513,0.189
South Africa,2020-10-30,0.46,0.391,0.377,0.406,0.366
South Africa,2020-11-05,0.39,0.439,0.39,0.421,0.11
South Africa,2020-11-18,0.426,0.445,0.474,0.4370000000000001,0.243
South Africa,2020-11-19,0.509,0.424,0.305,0.3670000000000001,0.362
South Africa,2020-12-04,0.451,0.342,0.4370000000000001,0.493,0.3
South Africa,2020-12-20,0.5479999999999999,0.343,0.466,0.368,0.364
South Africa,2020-12-21,0.434,0.495,0.532,0.5539999999999999,0.243
South Africa,2020-12-29,0.447,0.41,0.404,0.362,0.308
South Korea,2020-01-31,0.423,0.393,0.5870000000000001,0.512,0.284
South Korea,2020-10-12,0.423,0.411,0.4320000000000001,0.349,0.162
South Korea,2020-11-04,0.43,0.509,0.44,0.469,0.335
Spain,2020-03-03,0.376,0.5579999999999999,0.637,0.482,0.238
Spain,2020-04-14,0.393,0.475,0.476,0.456,0.271
Spain,2020-06-26,0.395,0.4270000000000001,0.421,0.434,0.284
Sri Lanka,2020-03-31,0.268,0.56,0.616,0.5379999999999999,0.147
Sri Lanka,2020-11-10,0.35200000000000004,0.506,0.625,0.562,0.153
Sweden,2020-04-19,0.4370000000000001,0.416,0.408,0.39,0.231
Sweden,2020-04-28,0.473,0.417,0.458,0.392,0.332
Sweden,2020-11-06,0.453,0.452,0.493,0.444,0.238
Switzerland,2020-05-02,0.376,0.4370000000000001,0.66,0.539,0.17800000000000002
Switzerland,2020-07-07,0.534,0.324,0.4370000000000001,0.333,0.321
Switzerland,2020-07-08,0.396,0.474,0.498,0.429,0.209
Switzerland,2020-07-15,0.5479999999999999,0.411,0.448,0.321,0.324
Switzerland,2020-07-24,0.337,0.495,0.569,0.473,0.202
Switzerland,2020-08-06,0.435,0.419,0.493,0.401,0.273
Switzerland,2020-08-15,0.468,0.35600000000000004,0.458,0.382,0.304
Switzerland,2020-09-08,0.313,0.5429999999999999,0.568,0.564,0.219
Switzerland,2020-09-20,0.415,0.472,0.5329999999999999,0.461,0.227
Switzerland,2020-09-27,0.58,0.35200000000000004,0.39,0.35700000000000004,0.375
Switzerland,2020-11-02,0.486,0.4,0.414,0.354,0.358
Taiwan,2020-03-10,0.477,0.404,0.51,0.376,0.311
Taiwan,2020-05-25,0.383,0.557,0.439,0.441,0.26
Tanzania,2020-05-18,0.485,0.456,0.397,0.414,0.406
Thailand,2020-03-02,0.4270000000000001,0.484,0.417,0.404,0.27
Thailand,2020-03-04,0.522,0.276,0.402,0.32299999999999995,0.317
Thailand,2020-03-26,0.6459999999999999,0.266,0.28300000000000003,0.307,0.406
Thailand,2020-11-11,0.46,0.459,0.488,0.378,0.314
Trinidad and Tobago,2020-10-03,0.489,0.401,0.47,0.467,0.31
Turkey,2020-04-26,0.53,0.399,0.28300000000000003,0.332,0.414
Turkey,2020-05-03,0.368,0.513,0.5539999999999999,0.455,0.172
Uganda,2020-03-13,0.392,0.47,0.353,0.424,0.265
Uganda,2020-03-14,0.369,0.506,0.5820000000000001,0.534,0.266
Uganda,2020-03-20,0.685,0.328,0.282,0.321,0.536
Uganda,2020-03-28,0.546,0.333,0.345,0.298,0.382
Uganda,2020-04-01,0.469,0.428,0.528,0.412,0.358
Uganda,2020-04-05,0.519,0.419,0.504,0.374,0.3670000000000001
Uganda,2020-04-16,0.468,0.454,0.417,0.406,0.309
Uganda,2020-05-16,0.5920000000000001,0.333,0.37,0.35,0.368
Uganda,2020-06-03,0.45,0.401,0.364,0.397,0.29
Uganda,2020-06-21,0.444,0.4970000000000001,0.443,0.375,0.287
Uganda,2020-07-13,0.386,0.544,0.45,0.47,0.254
Uganda,2020-09-16,0.573,0.307,0.349,0.41,0.3670000000000001
Uganda,2020-10-02,0.391,0.494,0.573,0.431,0.24
Uganda,2020-11-09,0.483,0.46,0.421,0.428,0.282
Uganda,2020-11-19,0.486,0.447,0.459,0.37,0.26
Ukraine,2020-06-02,0.464,0.456,0.509,0.452,0.251
United Arab Emirates,2020-04-02,0.465,0.384,0.326,0.366,0.324
United Arab Emirates,2020-04-04,0.562,0.33,0.306,0.21,0.368
United Arab Emirates,2020-04-28,0.502,0.423,0.4,0.391,0.294
United Arab Emirates,2020-05-28,0.456,0.379,0.405,0.345,0.308
United Arab Emirates,2020-08-27,0.5329999999999999,0.353,0.4270000000000001,0.35100000000000003,0.41
United Arab Emirates,2020-10-01,0.5589999999999999,0.293,0.374,0.337,0.308
United Arab Emirates,2020-11-02,0.512,0.412,0.445,0.365,0.35
United Kingdom,2020-02-06,0.406,0.482,0.5379999999999999,0.459,0.217
United Kingdom,2020-02-27,0.462,0.455,0.421,0.338,0.305
United Kingdom,2020-02-29,0.328,0.499,0.52,0.49,0.158
United Kingdom,2020-03-05,0.5569999999999999,0.3405,0.35350000000000004,0.3075,0.3745
United Kingdom,2020-03-06,0.482,0.402,0.405,0.461,0.256
United Kingdom,2020-03-09,0.417,0.441,0.544,0.397,0.285
United Kingdom,2020-03-10,0.4185,0.484,0.515,0.495,0.31
United Kingdom,2020-03-12,0.492,0.403,0.40900000000000003,0.39449999999999996,0.33649999999999997
United Kingdom,2020-03-13,0.561,0.366,0.397,0.306,0.392
United Kingdom,2020-03-14,0.45000000000000007,0.4225,0.3945,0.3785,0.257
United Kingdom,2020-03-15,0.4246666666666667,0.42733333333333334,0.49400000000000005,0.428,0.293
United Kingdom,2020-03-16,0.4753333333333334,0.4446666666666667,0.47066666666666673,0.4083333333333334,0.3423333333333334
United Kingdom,2020-03-17,0.41800000000000004,0.474,0.505,0.4495,0.3185
United Kingdom,2020-03-18,0.531,0.276,0.376,0.31,0.332
United Kingdom,2020-03-19,0.4098333333333333,0.45999999999999996,0.46316666666666667,0.45566666666666666,0.2768333333333333
United Kingdom,2020-03-20,0.47333333333333333,0.39766666666666667,0.4756666666666667,0.4206666666666667,0.34400000000000003
United Kingdom,2020-03-21,0.545,0.378,0.472,0.3865,0.4065
United Kingdom,2020-03-22,0.39,0.464,0.5720000000000001,0.504,0.284
United Kingdom,2020-03-23,0.35600000000000004,0.46900000000000003,0.507,0.5336666666666666,0.243
United Kingdom,2020-03-24,0.605,0.319,0.299,0.302,0.414
United Kingdom,2020-03-25,0.4036666666666666,0.43566666666666665,0.5186666666666667,0.47,0.22266666666666668
United Kingdom,2020-03-26,0.47900000000000004,0.4595,0.35850000000000004,0.3295,0.308
United Kingdom,2020-03-27,0.552,0.36966666666666664,0.3376666666666666,0.3363333333333333,0.37600000000000006
United Kingdom,2020-03-30,0.416,0.458,0.521,0.422,0.285
United Kingdom,2020-03-31,0.5077499999999999,0.42925,0.43525,0.37725000000000003,0.33125000000000004
United Kingdom,2020-04-01,0.41733333333333333,0.463,0.43133333333333335,0.3876666666666666,0.22833333333333336
United Kingdom,2020-04-02,0.544,0.35600000000000004,0.354,0.386,0.382
United Kingdom,2020-04-04,0.3946666666666667,0.48866666666666675,0.5036666666666667,0.4676666666666667,0.22966666666666666
United Kingdom,2020-04-05,0.536,0.268,0.28,0.271,0.334
United Kingdom,2020-04-07,0.484,0.42075000000000007,0.35575,0.3925,0.32675
United Kingdom,2020-04-08,0.442,0.5660000000000001,0.542,0.456,0.29600000000000004
United Kingdom,2020-04-12,0.75,0.276,0.181,0.245,0.618
United Kingdom,2020-04-13,0.478,0.40549999999999997,0.39,0.42200000000000004,0.326
United Kingdom,2020-04-14,0.488,0.342,0.395,0.35100000000000003,0.242
United Kingdom,2020-04-15,0.408,0.505,0.392,0.439,0.226
United Kingdom,2020-04-16,0.509,0.396,0.384,0.343,0.399
United Kingdom,2020-04-17,0.594,0.355,0.29600000000000004,0.332,0.399
United Kingdom,2020-04-18,0.422,0.4,0.344,0.387,0.25
United Kingdom,2020-04-19,0.617,0.44,0.365,0.358,0.467
United Kingdom,2020-04-20,0.337,0.608,0.459,0.469,0.17
United Kingdom,2020-04-21,0.528,0.406,0.443,0.34600000000000003,0.33
United Kingdom,2020-04-22,0.542,0.41000000000000003,0.449,0.3955000000000001,0.357
United Kingdom,2020-04-24,0.489,0.384,0.376,0.371,0.32
United Kingdom,2020-04-25,0.48750000000000004,0.448,0.442,0.40800000000000003,0.3045
United Kingdom,2020-04-26,0.45,0.536,0.426,0.403,0.369
United Kingdom,2020-04-28,0.41350000000000003,0.4605,0.47850000000000004,0.4495,0.305
United Kingdom,2020-04-29,0.429,0.488,0.4495,0.4245,0.25
United Kingdom,2020-05-03,0.51,0.42600000000000005,0.43,0.3845,0.399
United Kingdom,2020-05-04,0.555,0.374,0.472,0.447,0.375
United Kingdom,2020-05-06,0.49900000000000005,0.41133333333333333,0.38633333333333336,0.36233333333333334,0.3433333333333333
United Kingdom,2020-05-07,0.6265000000000001,0.3005,0.3275,0.266,0.464
United Kingdom,2020-05-10,0.4758,0.44719999999999993,0.40980000000000005,0.38680000000000003,0.319
United Kingdom,2020-05-11,0.359,0.534,0.4645,0.48550000000000004,0.237
United Kingdom,2020-05-13,0.474,0.40349999999999997,0.32999999999999996,0.3865,0.3675
United Kingdom,2020-05-14,0.541,0.41533333333333333,0.4683333333333333,0.42566666666666664,0.4183333333333333
United Kingdom,2020-05-15,0.506,0.426,0.419,0.377,0.321
United Kingdom,2020-05-16,0.5685,0.361,0.3535,0.361,0.38849999999999996
United Kingdom,2020-05-18,0.4763333333333333,0.42733333333333334,0.452,0.385,0.29833333333333334
United Kingdom,2020-05-19,0.48450000000000004,0.4085,0.4640000000000001,0.4165,0.27
United Kingdom,2020-05-21,0.5745,0.397,0.3435,0.317,0.389
United Kingdom,2020-05-22,0.6,0.381,0.3670000000000001,0.34,0.369
United Kingdom,2020-05-23,0.487,0.424,0.416,0.42450000000000004,0.3285
United Kingdom,2020-05-25,0.4415,0.4275,0.536,0.39849999999999997,0.29100000000000004
United Kingdom,2020-05-26,0.5615,0.4035,0.3395,0.3315,0.3115
United Kingdom,2020-05-27,0.6355,0.34850000000000003,0.3935,0.3135,0.41700000000000004
United Kingdom,2020-05-28,0.502,0.366,0.461,0.483,0.319
United Kingdom,2020-05-29,0.594,0.376,0.281,0.318,0.402
United Kingdom,2020-05-31,0.518,0.429,0.3625,0.3725,0.36250000000000004
United Kingdom,2020-06-01,0.47050000000000003,0.4115,0.4155,0.384,0.29500000000000004
United Kingdom,2020-06-02,0.42,0.396,0.376,0.419,0.294
United Kingdom,2020-06-03,0.545,0.36566666666666675,0.35366666666666663,0.34800000000000003,0.34900000000000003
United Kingdom,2020-06-04,0.494,0.35,0.376,0.364,0.374
United Kingdom,2020-06-07,0.41600000000000004,0.475,0.4225,0.4465,0.28650000000000003
United Kingdom,2020-06-08,0.459,0.455,0.483,0.416,0.266
United Kingdom,2020-06-13,0.5525,0.366,0.3735,0.34550000000000003,0.3715
United Kingdom,2020-06-15,0.532,0.354,0.4370000000000001,0.41,0.29100000000000004
United Kingdom,2020-06-19,0.4535,0.442,0.47150000000000003,0.4105,0.28900000000000003
United Kingdom,2020-06-20,0.446,0.389,0.482,0.433,0.293
United Kingdom,2020-06-22,0.473,0.403,0.434,0.378,0.349
United Kingdom,2020-06-24,0.5723333333333334,0.35633333333333334,0.36433333333333334,0.3456666666666666,0.422
United Kingdom,2020-06-25,0.49774999999999997,0.41975,0.39175,0.39325,0.3465
United Kingdom,2020-06-27,0.393,0.476,0.405,0.433,0.212
United Kingdom,2020-06-28,0.5870000000000001,0.349,0.348,0.313,0.469
United Kingdom,2020-06-30,0.4370000000000001,0.457,0.501,0.436,0.224
United Kingdom,2020-07-01,0.461,0.392,0.411,0.401,0.316
United Kingdom,2020-07-02,0.505,0.391,0.472,0.43,0.384
United Kingdom,2020-07-04,0.46599999999999997,0.4075,0.4,0.369,0.2665
United Kingdom,2020-07-05,0.399,0.47350000000000003,0.5515,0.4325,0.25
United Kingdom,2020-07-07,0.453,0.334,0.299,0.35,0.198
United Kingdom,2020-07-08,0.467,0.435,0.421,0.408,0.324
United Kingdom,2020-07-09,0.4983333333333333,0.35500000000000004,0.431,0.36166666666666664,0.2946666666666667
United Kingdom,2020-07-10,0.443,0.4395,0.44800000000000006,0.40549999999999997,0.23399999999999999
United Kingdom,2020-07-11,0.5335000000000001,0.3655,0.3845,0.341,0.347
United Kingdom,2020-07-12,0.456,0.452,0.519,0.42,0.272
United Kingdom,2020-07-14,0.341,0.626,0.504,0.511,0.173
United Kingdom,2020-07-17,0.56,0.39,0.364,0.35100000000000003,0.375
United Kingdom,2020-07-21,0.354,0.495,0.581,0.486,0.149
United Kingdom,2020-07-25,0.481,0.4270000000000001,0.3720000000000001,0.368,0.31
United Kingdom,2020-07-26,0.413,0.384,0.488,0.466,0.281
United Kingdom,2020-07-27,0.4320000000000001,0.515,0.389,0.4,0.299
United Kingdom,2020-07-29,0.279,0.541,0.639,0.517,0.13699999999999998
United Kingdom,2020-07-31,0.493,0.478,0.393,0.382,0.37
United Kingdom,2020-08-02,0.384,0.6,0.536,0.467,0.187
United Kingdom,2020-08-04,0.386,0.576,0.5205,0.4515,0.215
United Kingdom,2020-08-05,0.39649999999999996,0.47750000000000004,0.491,0.4265,0.1995
United Kingdom,2020-08-07,0.455,0.483,0.496,0.42,0.366
United Kingdom,2020-08-11,0.455,0.326,0.302,0.355,0.228
United Kingdom,2020-08-13,0.469,0.431,0.478,0.442,0.302
United Kingdom,2020-08-16,0.6825000000000001,0.31100000000000005,0.2955,0.31450000000000006,0.549
United Kingdom,2020-08-17,0.636,0.392,0.316,0.309,0.41
United Kingdom,2020-08-18,0.4320000000000001,0.431,0.503,0.419,0.261
United Kingdom,2020-08-22,0.409,0.45,0.406,0.384,0.251
United Kingdom,2020-08-23,0.39649999999999996,0.4725,0.4465,0.42000000000000004,0.2405
United Kingdom,2020-08-25,0.374,0.46699999999999997,0.5565,0.5265,0.20750000000000002
United Kingdom,2020-08-28,0.43,0.449,0.5760000000000001,0.5,0.273
United Kingdom,2020-09-01,0.5539999999999999,0.383,0.475,0.305,0.411
United Kingdom,2020-09-02,0.546,0.36350000000000005,0.35550000000000004,0.338,0.37750000000000006
United Kingdom,2020-09-04,0.44899999999999995,0.43699999999999994,0.46775,0.43825000000000003,0.274
United Kingdom,2020-09-05,0.517,0.35,0.386,0.358,0.39899999999999997
United Kingdom,2020-09-07,0.3670000000000001,0.496,0.457,0.445,0.203
United Kingdom,2020-09-08,0.5563333333333333,0.35733333333333334,0.3933333333333333,0.3496666666666666,0.35400000000000004
United Kingdom,2020-09-09,0.5005000000000001,0.395,0.38949999999999996,0.4165,0.354
United Kingdom,2020-09-10,0.6409999999999999,0.3670000000000001,0.364,0.399,0.528
United Kingdom,2020-09-11,0.5,0.4370000000000001,0.414,0.365,0.335
United Kingdom,2020-09-14,0.4115,0.47400000000000003,0.4215,0.40149999999999997,0.247
United Kingdom,2020-09-15,0.37849999999999995,0.5549999999999999,0.469,0.47850000000000004,0.235
United Kingdom,2020-09-18,0.34700000000000003,0.46,0.514,0.524,0.185
United Kingdom,2020-09-19,0.496,0.362,0.34,0.325,0.419
United Kingdom,2020-09-20,0.331,0.544,0.5145,0.476,0.13599999999999998
United Kingdom,2020-09-21,0.579,0.35200000000000004,0.325,0.273,0.3720000000000001
United Kingdom,2020-09-22,0.43339999999999995,0.48200000000000004,0.44819999999999993,0.4164,0.2834
United Kingdom,2020-09-23,0.609,0.301,0.28300000000000003,0.287,0.44
United Kingdom,2020-09-24,0.442,0.46099999999999997,0.441,0.4245,0.245
United Kingdom,2020-09-26,0.4155,0.5225,0.506,0.438,0.2535
United Kingdom,2020-09-28,0.369,0.403,0.584,0.488,0.191
United Kingdom,2020-09-29,0.436,0.495,0.5710000000000001,0.487,0.28800000000000003
United Kingdom,2020-09-30,0.366,0.496,0.476,0.453,0.188
United Kingdom,2020-10-01,0.4655,0.48124999999999996,0.42375,0.41324999999999995,0.298
United Kingdom,2020-10-02,0.49783333333333335,0.4088333333333334,0.416,0.3761666666666667,0.3526666666666667
United Kingdom,2020-10-05,0.34650000000000003,0.42750000000000005,0.495,0.44499999999999995,0.183
United Kingdom,2020-10-06,0.327,0.518,0.552,0.49,0.198
United Kingdom,2020-10-08,0.506,0.4365,0.4115,0.374,0.36050000000000004
United Kingdom,2020-10-09,0.4744999999999999,0.369,0.3435,0.324,0.3045
United Kingdom,2020-10-10,0.398,0.456,0.448,0.462,0.259
United Kingdom,2020-10-12,0.5379999999999999,0.395,0.375,0.344,0.312
United Kingdom,2020-10-13,0.47800000000000004,0.38066666666666665,0.36599999999999994,0.39333333333333337,0.27099999999999996
United Kingdom,2020-10-14,0.40349999999999997,0.46799999999999997,0.535,0.44099999999999995,0.224
United Kingdom,2020-10-19,0.409,0.469,0.401,0.404,0.293
United Kingdom,2020-10-20,0.464,0.439,0.428,0.374,0.313
United Kingdom,2020-10-22,0.35800000000000004,0.5603333333333332,0.4796666666666667,0.4423333333333333,0.23099999999999998
United Kingdom,2020-10-24,0.4970000000000001,0.487,0.375,0.479,0.337
United Kingdom,2020-10-25,0.313,0.426,0.5379999999999999,0.452,0.115
United Kingdom,2020-10-26,0.6165,0.311,0.3045,0.256,0.439
United Kingdom,2020-10-27,0.49750000000000005,0.4525,0.3815,0.38750000000000007,0.3215
United Kingdom,2020-10-29,0.34966666666666674,0.5373333333333333,0.5139999999999999,0.5046666666666667,0.2116666666666667
United Kingdom,2020-10-30,0.47325,0.47875,0.422,0.392,0.311
United Kingdom,2020-11-01,0.479,0.47,0.378,0.401,0.306
United Kingdom,2020-11-03,0.547,0.43,0.4970000000000001,0.454,0.462
United Kingdom,2020-11-04,0.34850000000000003,0.5065,0.47150000000000003,0.482,0.161
United Kingdom,2020-11-06,0.5820000000000001,0.3420000000000001,0.33899999999999997,0.35750000000000004,0.4265
United Kingdom,2020-11-07,0.421,0.501,0.44,0.371,0.235
United Kingdom,2020-11-08,0.481,0.479,0.388,0.355,0.337
United Kingdom,2020-11-10,0.306,0.6759999999999999,0.4970000000000001,0.568,0.24
United Kingdom,2020-11-11,0.396,0.459,0.568,0.486,0.295
United Kingdom,2020-11-12,0.5825,0.388,0.365,0.3725,0.431
United Kingdom,2020-11-13,0.5215,0.41700000000000004,0.45250000000000007,0.3915,0.396
United Kingdom,2020-11-14,0.55,0.349,0.347,0.3085,0.407
United Kingdom,2020-11-20,0.5255,0.4145,0.352,0.3705,0.395
United Kingdom,2020-11-21,0.454,0.467,0.5579999999999999,0.4920000000000001,0.272
United Kingdom,2020-11-22,0.461,0.443,0.46,0.39,0.259
United Kingdom,2020-11-23,0.37733333333333335,0.5423333333333334,0.45599999999999996,0.4746666666666666,0.25133333333333335
United Kingdom,2020-11-24,0.476,0.441,0.4655,0.44300000000000006,0.29200000000000004
United Kingdom,2020-11-26,0.4630000000000001,0.4436,0.4454000000000001,0.4547999999999999,0.34619999999999995
United Kingdom,2020-11-28,0.493,0.488,0.43,0.413,0.381
United Kingdom,2020-12-03,0.4266666666666667,0.47100000000000003,0.44799999999999995,0.45166666666666666,0.31366666666666665
United Kingdom,2020-12-04,0.473,0.4764999999999999,0.449,0.4445,0.307
United Kingdom,2020-12-05,0.6065,0.39349999999999996,0.3375,0.318,0.47250000000000003
United Kingdom,2020-12-06,0.525,0.408,0.406,0.385,0.389
United Kingdom,2020-12-07,0.457,0.463,0.431,0.439,0.348
United Kingdom,2020-12-08,0.4685,0.4215,0.46799999999999997,0.418,0.306
United Kingdom,2020-12-11,0.508,0.404,0.444,0.376,0.311
United Kingdom,2020-12-15,0.4386666666666667,0.457,0.47400000000000003,0.43766666666666665,0.26266666666666666
United Kingdom,2020-12-17,0.5,0.41933333333333334,0.3496666666666666,0.3666666666666667,0.39866666666666667
United Kingdom,2020-12-18,0.519,0.4366666666666667,0.443,0.393,0.34900000000000003
United Kingdom,2020-12-19,0.472,0.423,0.362,0.354,0.294
United Kingdom,2020-12-20,0.3,0.58,0.624,0.607,0.2
United Kingdom,2020-12-21,0.49,0.428,0.313,0.344,0.353
United Kingdom,2020-12-22,0.52,0.44,0.344,0.388,0.388
United Kingdom,2020-12-24,0.327,0.505,0.506,0.445,0.195
United Kingdom,2020-12-25,0.591,0.32,0.289,0.227,0.379
United Kingdom,2020-12-29,0.509,0.401,0.3915,0.3885,0.352
United Kingdom,2020-12-30,0.369,0.5125,0.485,0.49650000000000005,0.247
United Kingdom,2021-01-01,0.44733333333333336,0.4923333333333333,0.4053333333333333,0.39799999999999996,0.31366666666666665
United States,2020-01-29,0.4270000000000001,0.49,0.498,0.488,0.268
United States,2020-01-31,0.309,0.64,0.55,0.5529999999999999,0.14800000000000002
United States,2020-02-01,0.616,0.377,0.368,0.317,0.486
United States,2020-02-06,0.407,0.402,0.355,0.366,0.266
United States,2020-02-08,0.504,0.438,0.4920000000000001,0.377,0.404
United States,2020-02-18,0.383,0.4305,0.5735,0.47050000000000003,0.24
United States,2020-02-24,0.383,0.4320000000000001,0.5710000000000001,0.506,0.201
United States,2020-02-26,0.4115,0.426,0.47850000000000004,0.381,0.2445
United States,2020-02-27,0.583,0.344,0.308,0.329,0.468
United States,2020-02-28,0.516,0.4305,0.43699999999999994,0.351,0.3795
United States,2020-02-29,0.501,0.419,0.403,0.416,0.34
United States,2020-03-01,0.555,0.333,0.321,0.32299999999999995,0.398
United States,2020-03-02,0.496,0.398,0.454,0.386,0.299
United States,2020-03-06,0.403,0.4185,0.491,0.4155,0.29400000000000004
United States,2020-03-07,0.355,0.547,0.4920000000000001,0.476,0.21
United States,2020-03-08,0.49725,0.425,0.47,0.41500000000000004,0.32799999999999996
United States,2020-03-09,0.553,0.34299999999999997,0.38433333333333336,0.3833333333333333,0.37700000000000006
United States,2020-03-10,0.41775,0.482,0.4495,0.42150000000000004,0.24175
United States,2020-03-11,0.465,0.42,0.4663333333333333,0.4003333333333334,0.26799999999999996
United States,2020-03-12,0.4659999999999999,0.4316428571428571,0.4429285714285714,0.414857142857143,0.3128571428571428
United States,2020-03-13,0.44608333333333333,0.4443333333333333,0.4263333333333333,0.39775,0.3159166666666667
United States,2020-03-14,0.4305000000000001,0.4721666666666666,0.4715833333333333,0.4404166666666666,0.2846666666666667
United States,2020-03-15,0.4285000000000001,0.4588000000000001,0.4628,0.4366,0.2907
United States,2020-03-16,0.42779999999999996,0.4654,0.5184,0.4412,0.2698
United States,2020-03-17,0.44383333333333336,0.45083333333333336,0.4791666666666667,0.4206666666666667,0.3006666666666667
United States,2020-03-18,0.40975,0.46925000000000006,0.45025000000000004,0.444875,0.2995
United States,2020-03-19,0.41077777777777785,0.4582222222222222,0.4571111111111111,0.4122222222222223,0.26622222222222225
United States,2020-03-20,0.44916666666666655,0.4243333333333334,0.44391666666666657,0.40750000000000003,0.2816666666666666
United States,2020-03-21,0.48580000000000007,0.42119999999999996,0.3808000000000001,0.3848,0.3284
United States,2020-03-22,0.43620000000000003,0.3722,0.4542,0.41780000000000006,0.2794
United States,2020-03-23,0.44749999999999995,0.46112499999999995,0.45599999999999996,0.437625,0.301875
United States,2020-03-24,0.48055555555555557,0.4082222222222222,0.41388888888888886,0.4116666666666666,0.32955555555555555
United States,2020-03-25,0.4363333333333334,0.44988888888888884,0.4726666666666666,0.4292222222222223,0.25155555555555553
United States,2020-03-26,0.4401428571428571,0.42714285714285716,0.4402857142857142,0.4081428571428571,0.27285714285714285
United States,2020-03-27,0.40958333333333335,0.44891666666666663,0.433,0.4358333333333333,0.26541666666666663
United States,2020-03-28,0.493,0.4282,0.4622,0.43079999999999996,0.34500000000000003
United States,2020-03-29,0.4122857142857143,0.47014285714285714,0.5055714285714286,0.4605714285714285,0.22642857142857145
United States,2020-03-30,0.4905714285714286,0.4015714285714286,0.4662857142857143,0.4184285714285714,0.3467142857142858
United States,2020-03-31,0.4896000000000001,0.43079999999999996,0.4124,0.40360000000000007,0.3389000000000001
United States,2020-04-01,0.5284,0.41129999999999994,0.3948,0.389,0.36649999999999994
United States,2020-04-02,0.4793333333333332,0.41733333333333333,0.39244444444444443,0.3841111111111111,0.32822222222222225
United States,2020-04-03,0.5260000000000001,0.36960000000000004,0.38430000000000003,0.37059999999999993,0.3603
United States,2020-04-04,0.447125,0.44675,0.448375,0.412125,0.305125
United States,2020-04-05,0.4255,0.4375,0.49449999999999994,0.4585,0.2275
United States,2020-04-06,0.503,0.4375,0.47174999999999995,0.406,0.3555
United States,2020-04-07,0.46180000000000004,0.40119999999999995,0.4408,0.4151999999999999,0.31120000000000003
United States,2020-04-08,0.4975,0.4240714285714286,0.4396428571428572,0.39492857142857146,0.3357857142857143
United States,2020-04-09,0.4980909090909092,0.3922727272727272,0.40118181818181814,0.3704545454545455,0.3461818181818182
United States,2020-04-10,0.519125,0.39375,0.375625,0.36250000000000004,0.38475000000000004
United States,2020-04-11,0.44900000000000007,0.45575,0.40774999999999995,0.398,0.26725
United States,2020-04-12,0.635,0.3476666666666666,0.3403333333333334,0.33099999999999996,0.4916666666666667
United States,2020-04-13,0.465,0.44175000000000003,0.4472499999999999,0.42125,0.31825000000000003
United States,2020-04-14,0.47950000000000004,0.41333333333333333,0.41816666666666674,0.4135,0.30433333333333334
United States,2020-04-15,0.5296000000000001,0.392,0.3486000000000001,0.34259999999999996,0.36119999999999997
United States,2020-04-16,0.4632222222222222,0.432,0.42422222222222217,0.39655555555555555,0.28211111111111115
United States,2020-04-17,0.42912500000000003,0.46062499999999995,0.44837499999999997,0.41625,0.276625
United States,2020-04-18,0.5234,0.4114,0.40020000000000006,0.3534,0.3694
United States,2020-04-19,0.46679999999999994,0.41740000000000005,0.41580000000000006,0.383,0.30460000000000004
United States,2020-04-20,0.5096666666666666,0.38633333333333336,0.3398333333333334,0.3505,0.3521666666666667
United States,2020-04-21,0.418125,0.46112499999999995,0.49174999999999996,0.471,0.28725
United States,2020-04-22,0.565,0.37733333333333335,0.3526666666666667,0.307,0.3895
United States,2020-04-23,0.513,0.3855714285714286,0.42871428571428577,0.37400000000000005,0.3288571428571429
United States,2020-04-24,0.4705454545454545,0.4140909090909091,0.4384545454545455,0.4178181818181818,0.3100909090909091
United States,2020-04-25,0.4852,0.4404,0.4418,0.41080000000000005,0.31520000000000004
United States,2020-04-26,0.5021666666666667,0.39766666666666667,0.39383333333333326,0.3715,0.3323333333333333
United States,2020-04-27,0.40700000000000003,0.4875714285714286,0.5395714285714286,0.4687142857142857,0.2502857142857143
United States,2020-04-28,0.47139999999999993,0.44089999999999996,0.45620000000000005,0.4224,0.30369999999999997
United States,2020-04-29,0.4378333333333333,0.4741666666666666,0.46449999999999997,0.4175,0.29650000000000004
United States,2020-04-30,0.417,0.476,0.4816666666666667,0.4326666666666667,0.271
United States,2020-05-01,0.46720000000000006,0.4356,0.3982,0.3942,0.3004
United States,2020-05-02,0.494,0.43574999999999997,0.4,0.39925,0.3405
United States,2020-05-04,0.404,0.467,0.514,0.454,0.26
United States,2020-05-05,0.48819999999999997,0.3946,0.38120000000000004,0.3888,0.3365
United States,2020-05-06,0.4605,0.42125,0.4455,0.40525000000000005,0.28975
United States,2020-05-07,0.38557142857142856,0.5138571428571428,0.4585714285714286,0.4492857142857143,0.21457142857142855
United States,2020-05-08,0.537,0.34550000000000003,0.374625,0.35975,0.354875
United States,2020-05-09,0.504,0.41700000000000004,0.43600000000000005,0.404,0.343
United States,2020-05-10,0.37166666666666665,0.5246666666666666,0.4653333333333333,0.5023333333333334,0.24966666666666668
United States,2020-05-11,0.40675000000000006,0.47175,0.50625,0.4495,0.23024999999999998
United States,2020-05-12,0.4783333333333333,0.43416666666666665,0.4481666666666666,0.395,0.31016666666666665
United States,2020-05-13,0.5075714285714286,0.39,0.3925714285714285,0.3598571428571429,0.32757142857142857
United States,2020-05-14,0.37400000000000005,0.506,0.5113333333333333,0.521,0.265
United States,2020-05-15,0.4757777777777778,0.4583333333333333,0.41688888888888886,0.4051111111111112,0.3337777777777778
United States,2020-05-16,0.42160000000000003,0.4506,0.44299999999999995,0.44420000000000004,0.256
United States,2020-05-17,0.45699999999999996,0.4585,0.402,0.381,0.29600000000000004
United States,2020-05-18,0.48033333333333333,0.4033333333333333,0.4266666666666667,0.41,0.31266666666666665
United States,2020-05-19,0.49066666666666664,0.41933333333333334,0.341,0.33433333333333337,0.32966666666666666
United States,2020-05-20,0.4633333333333333,0.4583333333333333,0.4306666666666667,0.4073333333333333,0.2786666666666667
United States,2020-05-21,0.5200000000000001,0.37766666666666665,0.42500000000000004,0.37500000000000006,0.36883333333333335
United States,2020-05-22,0.4423333333333333,0.44616666666666677,0.42783333333333334,0.4001666666666666,0.2793333333333334
United States,2020-05-23,0.40425,0.47275,0.46962500000000007,0.451,0.22750000000000004
United States,2020-05-24,0.35,0.535,0.466,0.478,0.196
United States,2020-05-25,0.49,0.3720000000000001,0.4455,0.37450000000000006,0.321
United States,2020-05-26,0.4868333333333334,0.4056666666666667,0.37966666666666665,0.37283333333333335,0.3451666666666666
United States,2020-05-27,0.544,0.356,0.38525,0.35325,0.378
United States,2020-05-28,0.42500000000000004,0.4586666666666666,0.47266666666666673,0.434,0.2663333333333333
United States,2020-05-29,0.604,0.388,0.369,0.312,0.525
United States,2020-05-30,0.48350000000000004,0.43000000000000005,0.45475,0.42625,0.361
United States,2020-05-31,0.4636,0.4358000000000001,0.4138,0.41100000000000003,0.3088
United States,2020-06-01,0.44399999999999995,0.4506666666666666,0.42733333333333334,0.4363333333333334,0.279
United States,2020-06-02,0.40125,0.44375000000000003,0.48437499999999994,0.4478750000000001,0.26937500000000003
United States,2020-06-03,0.41625000000000006,0.505,0.45224999999999993,0.42899999999999994,0.2705
United States,2020-06-04,0.384,0.444,0.48,0.43,0.194
United States,2020-06-05,0.49433333333333335,0.429,0.41066666666666674,0.4023333333333334,0.333
United States,2020-06-09,0.40599999999999997,0.4716666666666667,0.4666666666666666,0.465,0.30233333333333334
United States,2020-06-10,0.5022500000000001,0.36824999999999997,0.38725,0.38975000000000004,0.35000000000000003
United States,2020-06-11,0.4623333333333333,0.4383333333333333,0.42700000000000005,0.3866666666666667,0.301
United States,2020-06-12,0.4225,0.47750000000000004,0.4975,0.4875,0.29300000000000004
United States,2020-06-13,0.4121666666666666,0.4698333333333333,0.4661666666666667,0.434,0.2605
United States,2020-06-14,0.338,0.485,0.578,0.5479999999999999,0.16399999999999998
United States,2020-06-15,0.411,0.475,0.441,0.44,0.251
United States,2020-06-16,0.502,0.376,0.446,0.444,0.378
United States,2020-06-17,0.535,0.456,0.409,0.361,0.34600000000000003
United States,2020-06-18,0.46599999999999997,0.385,0.4525,0.41575,0.32125000000000004
United States,2020-06-19,0.4346,0.477,0.4556,0.42460000000000003,0.268
United States,2020-06-20,0.48612500000000003,0.41412499999999997,0.40512499999999996,0.415625,0.34
United States,2020-06-21,0.4518000000000001,0.4298,0.442,0.4142,0.30369999999999997
United States,2020-06-22,0.511,0.39066666666666666,0.3503333333333334,0.36566666666666664,0.32566666666666666
United States,2020-06-23,0.53325,0.39775000000000005,0.368,0.397,0.362
United States,2020-06-24,0.47050000000000003,0.43625,0.45875000000000005,0.44075000000000003,0.329
United States,2020-06-25,0.415,0.479,0.34600000000000003,0.355,0.246
United States,2020-06-26,0.43300000000000005,0.44875000000000004,0.476375,0.4365,0.28412500000000007
United States,2020-06-27,0.40540000000000004,0.4925,0.4817,0.4641,0.26639999999999997
United States,2020-06-28,0.434,0.48899999999999993,0.4578333333333333,0.43416666666666665,0.2935
United States,2020-06-29,0.39159999999999995,0.46580000000000005,0.5486,0.48119999999999996,0.25179999999999997
United States,2020-06-30,0.485,0.35,0.27,0.298,0.398
United States,2020-07-01,0.5055,0.4165,0.4175000000000001,0.40549999999999997,0.366
United States,2020-07-02,0.4528333333333334,0.44533333333333336,0.43166666666666664,0.4013333333333333,0.28833333333333333
United States,2020-07-03,0.5285,0.435,0.36350000000000005,0.34800000000000003,0.382
United States,2020-07-04,0.5014285714285714,0.4045714285714285,0.36100000000000004,0.36842857142857144,0.34828571428571425
United States,2020-07-05,0.467,0.446,0.461,0.424,0.314
United States,2020-07-07,0.3912857142857143,0.4861428571428572,0.47014285714285714,0.46642857142857136,0.24385714285714283
United States,2020-07-08,0.4689999999999999,0.4247142857142857,0.4557142857142856,0.422,0.324
United States,2020-07-09,0.4378333333333333,0.4395,0.3915,0.4028333333333333,0.2708333333333333
United States,2020-07-10,0.4898571428571428,0.4250000000000001,0.456,0.4158571428571429,0.3132857142857143
United States,2020-07-11,0.44016666666666665,0.4721666666666667,0.4988333333333333,0.45016666666666666,0.29516666666666663
United States,2020-07-12,0.38116666666666665,0.5095,0.49866666666666665,0.48183333333333334,0.24083333333333334
United States,2020-07-13,0.42780000000000007,0.48719999999999997,0.5112,0.4532000000000001,0.2744
United States,2020-07-14,0.485,0.43625,0.42075,0.39562500000000006,0.309375
United States,2020-07-15,0.3703333333333334,0.5123333333333333,0.4493333333333333,0.4546666666666667,0.27066666666666667
United States,2020-07-16,0.42533333333333334,0.43416666666666676,0.455,0.44316666666666665,0.25833333333333336
United States,2020-07-17,0.4691000000000001,0.418,0.4261000000000001,0.3868,0.29710000000000003
United States,2020-07-18,0.391,0.48625,0.502,0.4595,0.23875
United States,2020-07-19,0.38659999999999994,0.502,0.5224,0.47379999999999994,0.2508
United States,2020-07-20,0.48633333333333334,0.4291666666666667,0.42016666666666663,0.40116666666666667,0.29700000000000004
United States,2020-07-21,0.4682857142857143,0.4365714285714285,0.43028571428571427,0.38814285714285707,0.28585714285714287
United States,2020-07-22,0.45766666666666667,0.416,0.4623333333333333,0.424,0.3033333333333333
United States,2020-07-23,0.457,0.45275,0.46887500000000004,0.43962500000000004,0.315
United States,2020-07-24,0.3993333333333333,0.4656666666666667,0.482,0.448,0.30866666666666664
United States,2020-07-25,0.4425,0.4575,0.4665,0.3985,0.29400000000000004
United States,2020-07-26,0.46599999999999997,0.4205,0.37550000000000006,0.33399999999999996,0.33799999999999997
United States,2020-07-27,0.5595,0.4,0.3955,0.366,0.3905
United States,2020-07-28,0.437,0.44449999999999995,0.4296666666666667,0.3973333333333333,0.29483333333333334
United States,2020-07-29,0.4698333333333333,0.44649999999999995,0.42616666666666675,0.3781666666666667,0.31166666666666665
United States,2020-07-30,0.5067499999999999,0.42499999999999993,0.43125,0.367,0.3425
United States,2020-07-31,0.49,0.3841666666666667,0.3960000000000001,0.3916666666666666,0.33216666666666667
United States,2020-08-01,0.45975,0.45425000000000004,0.39737500000000003,0.398,0.30300000000000005
United States,2020-08-02,0.41100000000000003,0.47400000000000003,0.48699999999999993,0.44799999999999995,0.2336666666666667
United States,2020-08-04,0.4507142857142857,0.43485714285714294,0.4348571428571428,0.4251428571428571,0.263
United States,2020-08-05,0.376,0.578,0.534,0.542,0.289
United States,2020-08-06,0.44033333333333335,0.44422222222222224,0.42966666666666664,0.4174444444444445,0.27244444444444443
United States,2020-08-07,0.49922222222222223,0.41833333333333333,0.41999999999999993,0.38155555555555554,0.32522222222222225
United States,2020-08-08,0.495,0.41,0.394,0.322,0.314
United States,2020-08-09,0.35033333333333333,0.5466666666666667,0.5176666666666666,0.507,0.23266666666666666
United States,2020-08-10,0.47625000000000006,0.44375000000000003,0.42050000000000004,0.4075,0.3285
United States,2020-08-11,0.4645,0.41325,0.44025000000000003,0.4055,0.3085
United States,2020-08-12,0.49542857142857144,0.42171428571428576,0.48271428571428565,0.4041428571428571,0.31585714285714284
United States,2020-08-13,0.4583333333333334,0.48400000000000004,0.418,0.422,0.2753333333333333
United States,2020-08-14,0.4023,0.47329999999999994,0.4509,0.4295000000000001,0.2373
United States,2020-08-15,0.569,0.3615,0.33925,0.33225000000000005,0.37074999999999997
United States,2020-08-16,0.4270000000000001,0.435,0.429,0.404,0.255
United States,2020-08-17,0.496,0.4723333333333333,0.38833333333333336,0.38199999999999995,0.3433333333333333
United States,2020-08-18,0.48424999999999996,0.421,0.39375000000000004,0.37750000000000006,0.33399999999999996
United States,2020-08-19,0.4742,0.3902,0.4236,0.38980000000000004,0.31639999999999996
United States,2020-08-20,0.5447500000000001,0.37075,0.35725,0.3415,0.37725
United States,2020-08-21,0.44279999999999997,0.4122,0.4464,0.4154,0.2754
United States,2020-08-22,0.4703333333333333,0.4443333333333333,0.48933333333333334,0.42700000000000005,0.282
United States,2020-08-24,0.41800000000000004,0.4435,0.48850000000000005,0.42600000000000005,0.257
United States,2020-08-25,0.45099999999999996,0.43100000000000005,0.46099999999999997,0.37550000000000006,0.29
United States,2020-08-26,0.573,0.377,0.419,0.393,0.34099999999999997
United States,2020-08-27,0.48650000000000004,0.434,0.397,0.387,0.353
United States,2020-08-28,0.43220000000000003,0.4572,0.4774,0.44160000000000005,0.2618
United States,2020-08-29,0.4144285714285715,0.47200000000000003,0.48742857142857143,0.463,0.2454285714285714
United States,2020-08-30,0.42899999999999994,0.476,0.48225,0.46525000000000005,0.30925
United States,2020-08-31,0.4236666666666667,0.4423333333333333,0.4163333333333334,0.42300000000000004,0.25933333333333336
United States,2020-09-01,0.45577777777777784,0.4494444444444443,0.4321111111111111,0.4186666666666667,0.29455555555555557
United States,2020-09-02,0.398,0.5045000000000001,0.4625,0.4435,0.2715
United States,2020-09-03,0.45483333333333337,0.45116666666666666,0.4491666666666667,0.42616666666666675,0.3013333333333333
United States,2020-09-04,0.5235999999999998,0.37520000000000003,0.38100000000000006,0.3622,0.3686
United States,2020-09-05,0.53025,0.35600000000000004,0.4285,0.36050000000000004,0.36424999999999996
United States,2020-09-06,0.361,0.51,0.526,0.417,0.242
United States,2020-09-07,0.34299999999999997,0.577,0.5295,0.501,0.2415
United States,2020-09-08,0.5489999999999999,0.368,0.378,0.383,0.392
United States,2020-09-09,0.4824,0.4152,0.45359999999999995,0.394,0.315
United States,2020-09-10,0.5284285714285715,0.4077142857142858,0.37471428571428567,0.3737142857142857,0.3687142857142857
United States,2020-09-11,0.39699999999999996,0.5117142857142857,0.4787142857142857,0.4564285714285714,0.2352857142857143
United States,2020-09-12,0.4565,0.40549999999999997,0.47200000000000003,0.40349999999999997,0.28700000000000003
United States,2020-09-14,0.43500000000000005,0.45600000000000007,0.499,0.4995,0.307
United States,2020-09-15,0.44300000000000006,0.5095,0.35350000000000004,0.4305,0.3015
United States,2020-09-16,0.46080000000000004,0.4354,0.4718000000000001,0.41500000000000004,0.28200000000000003
United States,2020-09-17,0.46719999999999995,0.41740000000000005,0.382,0.3962,0.29680000000000006
United States,2020-09-18,0.4365,0.467,0.49275,0.4505,0.28575
United States,2020-09-19,0.4455,0.4555,0.405,0.42400000000000004,0.2535
United States,2020-09-20,0.439,0.469,0.466,0.445,0.266
United States,2020-09-22,0.51125,0.37975000000000003,0.4315,0.3755,0.36175
United States,2020-09-23,0.47100000000000003,0.44049999999999995,0.4555,0.4463333333333333,0.33266666666666667
United States,2020-09-24,0.384,0.516,0.5,0.44,0.19
United States,2020-09-25,0.5026666666666666,0.38866666666666666,0.43166666666666664,0.399,0.34700000000000003
United States,2020-09-26,0.364,0.409,0.345,0.4320000000000001,0.128
United States,2020-09-27,0.56,0.318,0.28,0.298,0.406
United States,2020-09-28,0.321,0.586,0.611,0.505,0.172
United States,2020-09-29,0.4686666666666666,0.4043333333333334,0.3973333333333333,0.36766666666666664,0.285
United States,2020-09-30,0.37833333333333335,0.5086666666666667,0.4526666666666667,0.455,0.21266666666666667
United States,2020-10-01,0.5015000000000001,0.4285,0.485,0.4545,0.34750000000000003
United States,2020-10-02,0.45749999999999996,0.42174999999999996,0.39925,0.37725,0.27475
United States,2020-10-03,0.43657142857142867,0.4685714285714285,0.43857142857142856,0.4335714285714286,0.27685714285714286
United States,2020-10-04,0.48857142857142855,0.476,0.43628571428571433,0.4297142857142857,0.3082857142857143
United States,2020-10-05,0.4284444444444444,0.4315555555555555,0.40044444444444444,0.41011111111111115,0.26611111111111113
United States,2020-10-06,0.37883333333333336,0.5111666666666667,0.4670833333333333,0.44941666666666674,0.24275
United States,2020-10-07,0.52875,0.399,0.3555,0.338,0.367
United States,2020-10-08,0.42040000000000005,0.4728,0.43019999999999997,0.42160000000000003,0.2676
United States,2020-10-09,0.4315,0.47524999999999995,0.41475,0.3985,0.28025
United States,2020-10-10,0.44925,0.42074999999999996,0.44975,0.42075,0.28075
United States,2020-10-11,0.4665,0.42625,0.4235,0.40825,0.308
United States,2020-10-12,0.598,0.293,0.28833333333333333,0.26799999999999996,0.42366666666666664
United States,2020-10-13,0.42560000000000003,0.4516,0.4758,0.4436,0.2752
United States,2020-10-14,0.48300000000000004,0.4037142857142858,0.40700000000000003,0.38100000000000006,0.3078571428571429
United States,2020-10-15,0.4406666666666666,0.4475,0.43333333333333335,0.4143333333333333,0.27366666666666667
United States,2020-10-16,0.424,0.4746666666666666,0.42,0.42533333333333334,0.2816666666666667
United States,2020-10-17,0.5215000000000001,0.378,0.366,0.349,0.376
United States,2020-10-20,0.57,0.365,0.326,0.275,0.413
United States,2020-10-22,0.5589999999999999,0.33499999999999996,0.3905,0.3735,0.398
United States,2020-10-23,0.572,0.37075,0.34550000000000003,0.36975,0.3875
United States,2020-10-24,0.39666666666666667,0.49466666666666664,0.44733333333333336,0.4056666666666667,0.2353333333333333
United States,2020-10-25,0.3905,0.41700000000000004,0.51,0.44199999999999995,0.22399999999999998
United States,2020-10-26,0.5054000000000001,0.39899999999999997,0.37440000000000007,0.3708,0.3292
United States,2020-10-27,0.522,0.4022,0.4042,0.398,0.36900000000000005
United States,2020-10-28,0.44639999999999996,0.44460000000000005,0.42939999999999995,0.3978,0.28959999999999997
United States,2020-10-29,0.39249999999999996,0.515,0.47750000000000004,0.46499999999999997,0.2605
United States,2020-10-30,0.588,0.371,0.413,0.35200000000000004,0.494
United States,2020-10-31,0.4718,0.42939999999999995,0.402,0.40359999999999996,0.2892
United States,2020-11-01,0.41375,0.48150000000000004,0.51325,0.47400000000000003,0.27175
United States,2020-11-02,0.516,0.398,0.458,0.3670000000000001,0.355
United States,2020-11-03,0.5116,0.42279999999999995,0.4255999999999999,0.39,0.36260000000000003
United States,2020-11-04,0.4513999999999999,0.4702,0.45600000000000007,0.41859999999999997,0.32
United States,2020-11-05,0.46225,0.44175,0.403,0.40750000000000003,0.27575
United States,2020-11-06,0.4905714285714286,0.4268571428571429,0.4084285714285714,0.3851428571428571,0.33442857142857146
United States,2020-11-07,0.5195000000000001,0.34099999999999997,0.35450000000000004,0.3385,0.351
United States,2020-11-08,0.46075,0.4398333333333333,0.39733333333333337,0.41983333333333334,0.3326666666666667
United States,2020-11-09,0.5094000000000001,0.4202,0.3846,0.3902,0.3274
United States,2020-11-10,0.49474999999999997,0.41100000000000003,0.43350000000000005,0.393,0.34775
United States,2020-11-11,0.4808,0.41400000000000003,0.3942,0.384,0.3044
United States,2020-11-12,0.42250000000000004,0.46699999999999997,0.4495,0.46499999999999997,0.2595
United States,2020-11-13,0.44237499999999996,0.460375,0.440125,0.42875,0.317375
United States,2020-11-14,0.456375,0.44937499999999997,0.42899999999999994,0.393,0.30175
United States,2020-11-15,0.39825,0.4715,0.508,0.55325,0.306
United States,2020-11-16,0.469,0.4492,0.4614000000000001,0.4372,0.3366
United States,2020-11-17,0.437,0.463,0.45,0.44766666666666666,0.2763333333333334
United States,2020-11-18,0.412,0.55,0.445,0.394,0.248
United States,2020-11-19,0.44157142857142856,0.4391428571428571,0.44,0.42528571428571427,0.31199999999999994
United States,2020-11-20,0.408125,0.48687499999999995,0.463875,0.461125,0.259625
United States,2020-11-21,0.46299999999999997,0.4351428571428572,0.42699999999999994,0.416,0.28914285714285715
United States,2020-11-22,0.434,0.48566666666666664,0.4076666666666666,0.4186666666666667,0.25366666666666665
United States,2020-11-23,0.52075,0.38975,0.41200000000000003,0.35575,0.36575
United States,2020-11-24,0.4585714285714286,0.44785714285714284,0.43157142857142855,0.40871428571428575,0.31442857142857145
United States,2020-11-25,0.43014285714285716,0.45442857142857146,0.469,0.4272857142857142,0.2958571428571429
United States,2020-11-26,0.457,0.5233333333333334,0.4793333333333334,0.4406666666666667,0.3283333333333333
United States,2020-11-27,0.5219999999999999,0.39733333333333337,0.389,0.38433333333333336,0.3471666666666666
United States,2020-11-28,0.424,0.5870000000000001,0.43,0.515,0.336
United States,2020-11-29,0.496,0.386,0.418,0.393,0.353
United States,2020-11-30,0.48866666666666675,0.429,0.42,0.4026666666666667,0.33966666666666673
United States,2020-12-01,0.42274999999999996,0.4625,0.44775,0.428,0.25775000000000003
United States,2020-12-02,0.4770000000000001,0.4595,0.41783333333333333,0.40149999999999997,0.32549999999999996
United States,2020-12-03,0.4678571428571429,0.4351428571428571,0.4335714285714286,0.4121428571428572,0.33814285714285713
United States,2020-12-04,0.407,0.509,0.44525,0.46825,0.2755
United States,2020-12-05,0.4142,0.44420000000000004,0.5502,0.4758,0.2626
United States,2020-12-06,0.46425,0.443,0.392,0.405,0.3025
United States,2020-12-07,0.49119999999999997,0.39980000000000004,0.4364,0.39080000000000004,0.32480000000000003
United States,2020-12-08,0.4855,0.42325,0.42324999999999996,0.37750000000000006,0.329
United States,2020-12-09,0.496,0.368,0.437,0.343,0.275
United States,2020-12-10,0.43828571428571433,0.46171428571428574,0.4501428571428571,0.4321428571428572,0.23371428571428574
United States,2020-12-11,0.49939999999999996,0.42519999999999997,0.3794,0.41479999999999995,0.34700000000000003
United States,2020-12-12,0.39066666666666666,0.45566666666666666,0.5599999999999999,0.4663333333333333,0.215
United States,2020-12-13,0.495,0.332,0.452,0.379,0.275
United States,2020-12-15,0.547,0.38,0.302,0.321,0.414
United States,2020-12-16,0.4179999999999999,0.4385,0.483,0.4495,0.2995
United States,2020-12-17,0.484,0.394,0.41450000000000004,0.39399999999999996,0.33925
United States,2020-12-18,0.4086666666666667,0.47433333333333333,0.49066666666666664,0.48533333333333334,0.25933333333333336
United States,2020-12-19,0.464,0.45071428571428573,0.44328571428571434,0.41999999999999993,0.31700000000000006
United States,2020-12-20,0.4272,0.4504,0.38899999999999996,0.41220000000000007,0.2878
United States,2020-12-21,0.373,0.5306,0.45099999999999996,0.4732,0.273
United States,2020-12-22,0.531,0.34199999999999997,0.40449999999999997,0.3735,0.365
United States,2020-12-23,0.40666666666666673,0.4106666666666667,0.5123333333333333,0.447,0.23833333333333337
United States,2020-12-24,0.4546666666666666,0.44849999999999995,0.4326666666666667,0.44683333333333336,0.30683333333333335
United States,2020-12-25,0.504,0.4206666666666667,0.37000000000000005,0.39866666666666667,0.349
United States,2020-12-27,0.4706666666666666,0.4243333333333334,0.40399999999999997,0.3953333333333333,0.3356666666666666
United States,2020-12-28,0.4733333333333334,0.4593333333333333,0.4103333333333334,0.3918333333333333,0.30483333333333335
United States,2020-12-29,0.5840000000000001,0.345,0.34,0.3405,0.481
United States,2020-12-30,0.502,0.383,0.34950000000000003,0.378,0.37050000000000005
United States,2020-12-31,0.460875,0.4295,0.399875,0.39625,0.29437500000000005
United States,2021-01-01,0.3402,0.49820000000000003,0.5136000000000001,0.5048,0.18839999999999998
Venezuela,2020-04-02,0.608,0.287,0.348,0.245,0.384
Venezuela,2020-05-21,0.581,0.37,0.34,0.391,0.4320000000000001
Venezuela,2020-07-01,0.407,0.345,0.366,0.384,0.306
Venezuela,2020-11-02,0.468,0.441,0.488,0.469,0.28
Venezuela,2020-11-11,0.574,0.334,0.406,0.337,0.339
Venezuela,2020-12-11,0.48,0.45,0.476,0.401,0.309
Vietnam,2020-07-05,0.555,0.317,0.38,0.325,0.366
Zambia,2020-02-29,0.449,0.447,0.583,0.541,0.313
Zambia,2020-05-23,0.5770000000000001,0.262,0.32,0.289,0.409
Zambia,2020-12-17,0.521,0.379,0.334,0.354,0.394
Zimbabwe,2020-04-24,0.4320000000000001,0.35600000000000004,0.455,0.399,0.209
Zimbabwe,2020-05-05,0.407,0.551,0.544,0.51,0.293
