date_stamp,country_region,valence_intensity,anger_intensity,fear_intensity,sadness_intensity,joy_intensity
2020-01-28,South Africa,0.404,0.444,0.629,0.5660000000000001,0.293
2020-01-29,India,0.377,0.46,0.459,0.4320000000000001,0.222
2020-01-29,United States,0.4270000000000001,0.49,0.498,0.488,0.268
2020-01-31,Hong Kong,0.273,0.5329999999999999,0.601,0.72,0.18600000000000005
2020-01-31,South Korea,0.423,0.393,0.5870000000000001,0.512,0.284
2020-01-31,United States,0.309,0.64,0.55,0.5529999999999999,0.14800000000000002
2020-02-01,United States,0.616,0.377,0.368,0.317,0.486
2020-02-02,Philippines,0.464,0.354,0.329,0.332,0.297
2020-02-03,Canada,0.49,0.295,0.397,0.299,0.308
2020-02-04,Nigeria,0.444,0.35100000000000003,0.5670000000000001,0.421,0.293
2020-02-04,South Africa,0.617,0.303,0.282,0.204,0.518
2020-02-06,United Kingdom,0.406,0.482,0.5379999999999999,0.459,0.217
2020-02-06,United States,0.407,0.402,0.355,0.366,0.266
2020-02-08,United States,0.504,0.438,0.4920000000000001,0.377,0.404
2020-02-11,Brazil,0.494,0.349,0.271,0.229,0.331
2020-02-13,India,0.365,0.525,0.537,0.484,0.234
2020-02-16,Philippines,0.5,0.348,0.445,0.398,0.354
2020-02-17,Australia,0.311,0.5479999999999999,0.602,0.547,0.238
2020-02-17,Canada,0.331,0.531,0.556,0.4320000000000001,0.206
2020-02-17,India,0.532,0.355,0.457,0.456,0.362
2020-02-17,Philippines,0.471,0.446,0.412,0.413,0.315
2020-02-18,Hong Kong,0.333,0.434,0.5329999999999999,0.51,0.163
2020-02-18,United States,0.383,0.4305,0.5735,0.47050000000000003,0.24
2020-02-19,Singapore,0.38,0.489,0.555,0.487,0.244
2020-02-23,South Africa,0.522,0.387,0.452,0.354,0.344
2020-02-24,United States,0.383,0.4320000000000001,0.5710000000000001,0.506,0.201
2020-02-25,Germany,0.402,0.493,0.469,0.446,0.219
2020-02-25,Italy,0.502,0.413,0.369,0.353,0.35600000000000004
2020-02-26,Nigeria,0.534,0.335,0.378,0.376,0.376
2020-02-26,United States,0.4115,0.426,0.47850000000000004,0.381,0.2445
2020-02-27,United Kingdom,0.462,0.455,0.421,0.338,0.305
2020-02-27,United States,0.583,0.344,0.308,0.329,0.468
2020-02-28,China,0.534,0.363,0.394,0.311,0.386
2020-02-28,United States,0.516,0.4305,0.43699999999999994,0.351,0.3795
2020-02-29,Canada,0.349,0.5660000000000001,0.562,0.542,0.206
2020-02-29,United Kingdom,0.328,0.499,0.52,0.49,0.158
2020-02-29,United States,0.501,0.419,0.403,0.416,0.34
2020-02-29,Zambia,0.449,0.447,0.583,0.541,0.313
2020-03-01,Canada,0.57,0.34600000000000003,0.363,0.365,0.4
2020-03-01,United States,0.555,0.333,0.321,0.32299999999999995,0.398
2020-03-02,India,0.333,0.579,0.518,0.493,0.183
2020-03-02,Thailand,0.4270000000000001,0.484,0.417,0.404,0.27
2020-03-02,United States,0.496,0.398,0.454,0.386,0.299
2020-03-03,Spain,0.376,0.5579999999999999,0.637,0.482,0.238
2020-03-04,South Africa,0.366,0.514,0.469,0.429,0.277
2020-03-04,Thailand,0.522,0.276,0.402,0.32299999999999995,0.317
2020-03-05,India,0.4920000000000001,0.308,0.514,0.375,0.331
2020-03-05,United Kingdom,0.5569999999999999,0.3405,0.35350000000000004,0.3075,0.3745
2020-03-06,Namibia,0.562,0.358,0.436,0.386,0.314
2020-03-06,South Africa,0.439,0.428,0.476,0.401,0.259
2020-03-06,United Kingdom,0.482,0.402,0.405,0.461,0.256
2020-03-06,United States,0.403,0.4185,0.491,0.4155,0.29400000000000004
2020-03-07,Lebanon,0.5720000000000001,0.333,0.424,0.334,0.373
2020-03-07,United States,0.355,0.547,0.4920000000000001,0.476,0.21
2020-03-08,United States,0.49725,0.425,0.47,0.41500000000000004,0.32799999999999996
2020-03-09,Canada,0.40349999999999997,0.45899999999999996,0.429,0.4320000000000001,0.22899999999999998
2020-03-09,United Kingdom,0.417,0.441,0.544,0.397,0.285
2020-03-09,United States,0.553,0.34299999999999997,0.38433333333333336,0.3833333333333333,0.37700000000000006
2020-03-10,Canada,0.4165,0.537,0.4565,0.4385,0.288
2020-03-10,Taiwan,0.477,0.404,0.51,0.376,0.311
2020-03-10,United Kingdom,0.4185,0.484,0.515,0.495,0.31
2020-03-10,United States,0.41775,0.482,0.4495,0.42150000000000004,0.24175
2020-03-11,Canada,0.491,0.366,0.481,0.391,0.34600000000000003
2020-03-11,United States,0.465,0.42,0.4663333333333333,0.4003333333333334,0.26799999999999996
2020-03-12,Netherlands,0.411,0.458,0.502,0.426,0.204
2020-03-12,South Africa,0.44200000000000006,0.43,0.427,0.44699999999999995,0.2905
2020-03-12,United Kingdom,0.492,0.403,0.40900000000000003,0.39449999999999996,0.33649999999999997
2020-03-12,United States,0.4659999999999999,0.4316428571428571,0.4429285714285714,0.414857142857143,0.3128571428571428
2020-03-13,Canada,0.4320000000000001,0.496,0.536,0.451,0.308
2020-03-13,India,0.4,0.488,0.63,0.529,0.308
2020-03-13,Nigeria,0.5379999999999999,0.383,0.433,0.332,0.334
2020-03-13,Norway,0.385,0.465,0.5589999999999999,0.471,0.263
2020-03-13,Uganda,0.392,0.47,0.353,0.424,0.265
2020-03-13,United Kingdom,0.561,0.366,0.397,0.306,0.392
2020-03-13,United States,0.44608333333333333,0.4443333333333333,0.4263333333333333,0.39775,0.3159166666666667
2020-03-14,Canada,0.4800000000000001,0.4605,0.438,0.3955,0.345
2020-03-14,Nigeria,0.636,0.272,0.278,0.311,0.458
2020-03-14,Pakistan,0.44,0.415,0.54,0.409,0.24
2020-03-14,Uganda,0.369,0.506,0.5820000000000001,0.534,0.266
2020-03-14,United Kingdom,0.45000000000000007,0.4225,0.3945,0.3785,0.257
2020-03-14,United States,0.4305000000000001,0.4721666666666666,0.4715833333333333,0.4404166666666666,0.2846666666666667
2020-03-15,Canada,0.5103333333333333,0.38633333333333336,0.3293333333333333,0.3666666666666667,0.34
2020-03-15,India,0.408,0.435,0.474,0.416,0.232
2020-03-15,Kenya,0.435,0.363,0.39,0.366,0.235
2020-03-15,Netherlands,0.344,0.578,0.424,0.459,0.274
2020-03-15,Nigeria,0.462,0.408,0.583,0.448,0.336
2020-03-15,Philippines,0.444,0.312,0.362,0.441,0.284
2020-03-15,United Kingdom,0.4246666666666667,0.42733333333333334,0.49400000000000005,0.428,0.293
2020-03-15,United States,0.4285000000000001,0.4588000000000001,0.4628,0.4366,0.2907
2020-03-16,Canada,0.413,0.5429999999999999,0.522,0.503,0.28
2020-03-16,India,0.565,0.3205,0.33599999999999997,0.3175,0.4245
2020-03-16,Italy,0.377,0.546,0.57,0.547,0.208
2020-03-16,Nigeria,0.518,0.389,0.339,0.3670000000000001,0.35100000000000003
2020-03-16,Pakistan,0.679,0.36,0.376,0.35200000000000004,0.459
2020-03-16,United Kingdom,0.4753333333333334,0.4446666666666667,0.47066666666666673,0.4083333333333334,0.3423333333333334
2020-03-16,United States,0.42779999999999996,0.4654,0.5184,0.4412,0.2698
2020-03-17,Canada,0.41900000000000004,0.4626666666666666,0.4613333333333333,0.41100000000000003,0.2976666666666667
2020-03-17,Kenya,0.445,0.4270000000000001,0.413,0.407,0.314
2020-03-17,Philippines,0.451,0.393,0.402,0.35600000000000004,0.274
2020-03-17,United Kingdom,0.41800000000000004,0.474,0.505,0.4495,0.3185
2020-03-17,United States,0.44383333333333336,0.45083333333333336,0.4791666666666667,0.4206666666666667,0.3006666666666667
2020-03-18,France,0.421,0.508,0.504,0.556,0.324
2020-03-18,India,0.5329999999999999,0.418,0.394,0.354,0.406
2020-03-18,Nigeria,0.407,0.448,0.479,0.464,0.272
2020-03-18,United Kingdom,0.531,0.276,0.376,0.31,0.332
2020-03-18,United States,0.40975,0.46925000000000006,0.45025000000000004,0.444875,0.2995
2020-03-19,Argentina,0.25,0.674,0.552,0.564,0.124
2020-03-19,Australia,0.5,0.442,0.513,0.408,0.389
2020-03-19,Austria,0.336,0.531,0.5870000000000001,0.498,0.226
2020-03-19,Cambodia,0.411,0.417,0.556,0.416,0.184
2020-03-19,Canada,0.34600000000000003,0.474,0.589,0.476,0.156
2020-03-19,Egypt,0.55,0.391,0.394,0.329,0.414
2020-03-19,France,0.444,0.365,0.59,0.456,0.268
2020-03-19,Kenya,0.521,0.4035000000000001,0.452,0.379,0.3355
2020-03-19,Philippines,0.49749999999999994,0.4,0.4295,0.361,0.30800000000000005
2020-03-19,United Kingdom,0.4098333333333333,0.45999999999999996,0.46316666666666667,0.45566666666666666,0.2768333333333333
2020-03-19,United States,0.41077777777777785,0.4582222222222222,0.4571111111111111,0.4122222222222223,0.26622222222222225
2020-03-20,Congo - Kinshasa,0.602,0.34700000000000003,0.277,0.34600000000000003,0.41
2020-03-20,India,0.4096666666666667,0.5016666666666666,0.5523333333333333,0.4623333333333333,0.258
2020-03-20,Israel,0.457,0.44,0.4920000000000001,0.496,0.366
2020-03-20,Uganda,0.685,0.328,0.282,0.321,0.536
2020-03-20,United Kingdom,0.47333333333333333,0.39766666666666667,0.4756666666666667,0.4206666666666667,0.34400000000000003
2020-03-20,United States,0.44916666666666655,0.4243333333333334,0.44391666666666657,0.40750000000000003,0.2816666666666666
2020-03-21,Australia,0.389,0.542,0.501,0.443,0.27
2020-03-21,Belgium,0.386,0.496,0.612,0.486,0.238
2020-03-21,Canada,0.474,0.321,0.482,0.444,0.324
2020-03-21,India,0.476,0.46950000000000003,0.4235,0.4035,0.3215
2020-03-21,New Zealand,0.527,0.269,0.339,0.398,0.373
2020-03-21,Nigeria,0.39,0.494,0.5589999999999999,0.436,0.261
2020-03-21,Slovenia,0.65,0.332,0.28,0.279,0.579
2020-03-21,United Kingdom,0.545,0.378,0.472,0.3865,0.4065
2020-03-21,United States,0.48580000000000007,0.42119999999999996,0.3808000000000001,0.3848,0.3284
2020-03-22,Canada,0.514,0.3720000000000001,0.381,0.332,0.34700000000000003
2020-03-22,India,0.4483333333333334,0.486,0.412,0.42533333333333334,0.27766666666666673
2020-03-22,Malaysia,0.638,0.256,0.303,0.265,0.394
2020-03-22,Nepal,0.503,0.332,0.355,0.316,0.339
2020-03-22,United Kingdom,0.39,0.464,0.5720000000000001,0.504,0.284
2020-03-22,United States,0.43620000000000003,0.3722,0.4542,0.41780000000000006,0.2794
2020-03-23,Canada,0.531,0.416,0.359,0.424,0.403
2020-03-23,China,0.412,0.411,0.511,0.47,0.242
2020-03-23,India,0.507,0.4210000000000001,0.43499999999999994,0.41880000000000006,0.3296
2020-03-23,Kenya,0.404,0.444,0.654,0.524,0.231
2020-03-23,Papua New Guinea,0.482,0.379,0.506,0.388,0.303
2020-03-23,Philippines,0.445,0.482,0.452,0.393,0.228
2020-03-23,South Africa,0.45999999999999996,0.43899999999999995,0.447,0.41500000000000004,0.2395
2020-03-23,United Kingdom,0.35600000000000004,0.46900000000000003,0.507,0.5336666666666666,0.243
2020-03-23,United States,0.44749999999999995,0.46112499999999995,0.45599999999999996,0.437625,0.301875
2020-03-24,Georgia,0.472,0.47,0.481,0.4,0.345
2020-03-24,Germany,0.562,0.416,0.355,0.329,0.398
2020-03-24,India,0.476,0.476,0.522,0.441,0.3
2020-03-24,Malaysia,0.619,0.231,0.301,0.29100000000000004,0.47
2020-03-24,Pakistan,0.441,0.417,0.43,0.4475,0.255
2020-03-24,United Kingdom,0.605,0.319,0.299,0.302,0.414
2020-03-24,United States,0.48055555555555557,0.4082222222222222,0.41388888888888886,0.4116666666666666,0.32955555555555555
2020-03-25,Canada,0.593,0.392,0.401,0.409,0.468
2020-03-25,Germany,0.374,0.4970000000000001,0.468,0.456,0.251
2020-03-25,Greece,0.6920000000000001,0.247,0.34700000000000003,0.315,0.522
2020-03-25,India,0.491,0.332,0.461,0.359,0.337
2020-03-25,Nigeria,0.5529999999999999,0.412,0.489,0.384,0.317
2020-03-25,Pakistan,0.498,0.435,0.481,0.44,0.37
2020-03-25,United Kingdom,0.4036666666666666,0.43566666666666665,0.5186666666666667,0.47,0.22266666666666668
2020-03-25,United States,0.4363333333333334,0.44988888888888884,0.4726666666666666,0.4292222222222223,0.25155555555555553
2020-03-26,Canada,0.598,0.28800000000000003,0.315,0.322,0.429
2020-03-26,India,0.47,0.43,0.481,0.393,0.322
2020-03-26,Nigeria,0.406,0.499,0.429,0.535,0.252
2020-03-26,Philippines,0.451,0.425,0.341,0.378,0.218
2020-03-26,Thailand,0.6459999999999999,0.266,0.28300000000000003,0.307,0.406
2020-03-26,United Kingdom,0.47900000000000004,0.4595,0.35850000000000004,0.3295,0.308
2020-03-26,United States,0.4401428571428571,0.42714285714285716,0.4402857142857142,0.4081428571428571,0.27285714285714285
2020-03-27,Canada,0.464,0.442,0.531,0.422,0.337
2020-03-27,Georgia,0.6,0.411,0.333,0.322,0.458
2020-03-27,India,0.5870000000000001,0.366,0.388,0.337,0.413
2020-03-27,Ireland,0.36050000000000004,0.503,0.5395,0.49150000000000005,0.2525
2020-03-27,Nigeria,0.51,0.406,0.444,0.342,0.264
2020-03-27,Pakistan,0.322,0.473,0.546,0.49,0.194
2020-03-27,Singapore,0.449,0.448,0.345,0.355,0.316
2020-03-27,United Kingdom,0.552,0.36966666666666664,0.3376666666666666,0.3363333333333333,0.37600000000000006
2020-03-27,United States,0.40958333333333335,0.44891666666666663,0.433,0.4358333333333333,0.26541666666666663
2020-03-28,Australia,0.752,0.229,0.235,0.276,0.609
2020-03-28,India,0.5179999999999999,0.4296666666666667,0.38966666666666666,0.4013333333333333,0.3673333333333333
2020-03-28,Malaysia,0.528,0.446,0.35200000000000004,0.435,0.378
2020-03-28,Nigeria,0.45299999999999996,0.4205,0.3945,0.359,0.3435
2020-03-28,Pakistan,0.388,0.483,0.581,0.495,0.256
2020-03-28,South Africa,0.42,0.478,0.428,0.451,0.2
2020-03-28,Uganda,0.546,0.333,0.345,0.298,0.382
2020-03-28,United States,0.493,0.4282,0.4622,0.43079999999999996,0.34500000000000003
2020-03-29,Australia,0.5075,0.373,0.377,0.384,0.3515
2020-03-29,India,0.414,0.418,0.42,0.4320000000000001,0.311
2020-03-29,Malaysia,0.536,0.359,0.326,0.387,0.34
2020-03-29,Netherlands,0.537,0.368,0.38,0.366,0.392
2020-03-29,Nigeria,0.445,0.444,0.501,0.4,0.294
2020-03-29,Philippines,0.488,0.473,0.51,0.45,0.34
2020-03-29,United States,0.4122857142857143,0.47014285714285714,0.5055714285714286,0.4605714285714285,0.22642857142857145
2020-03-30,Colombia,0.41,0.5479999999999999,0.384,0.406,0.218
2020-03-30,France,0.498,0.491,0.503,0.476,0.326
2020-03-30,Germany,0.43499999999999994,0.47300000000000003,0.4205,0.4295,0.349
2020-03-30,India,0.3706666666666667,0.5053333333333333,0.5183333333333333,0.47700000000000004,0.20133333333333334
2020-03-30,Kenya,0.4320000000000001,0.447,0.51,0.4,0.315
2020-03-30,Malaysia,0.41,0.444,0.426,0.438,0.247
2020-03-30,Nigeria,0.438,0.42,0.377,0.35,0.315
2020-03-30,United Kingdom,0.416,0.458,0.521,0.422,0.285
2020-03-30,United States,0.4905714285714286,0.4015714285714286,0.4662857142857143,0.4184285714285714,0.3467142857142858
2020-03-31,Germany,0.396,0.485,0.458,0.444,0.28
2020-03-31,India,0.48860000000000003,0.399,0.4056,0.3816,0.3386
2020-03-31,Netherlands,0.314,0.585,0.597,0.584,0.168
2020-03-31,North Korea,0.565,0.418,0.394,0.389,0.424
2020-03-31,South Africa,0.326,0.445,0.57,0.519,0.213
2020-03-31,Sri Lanka,0.268,0.56,0.616,0.5379999999999999,0.147
2020-03-31,United Kingdom,0.5077499999999999,0.42925,0.43525,0.37725000000000003,0.33125000000000004
2020-03-31,United States,0.4896000000000001,0.43079999999999996,0.4124,0.40360000000000007,0.3389000000000001
2020-04-01,Australia,0.556,0.368,0.335,0.355,0.37
2020-04-01,Canada,0.517,0.44,0.4,0.379,0.365
2020-04-01,India,0.598,0.397,0.254,0.333,0.4320000000000001
2020-04-01,Ireland,0.457,0.502,0.531,0.484,0.358
2020-04-01,Nigeria,0.467,0.445,0.5579999999999999,0.487,0.234
2020-04-01,South Africa,0.522,0.423,0.369,0.355,0.333
2020-04-01,Uganda,0.469,0.428,0.528,0.412,0.358
2020-04-01,United Kingdom,0.41733333333333333,0.463,0.43133333333333335,0.3876666666666666,0.22833333333333336
2020-04-01,United States,0.5284,0.41129999999999994,0.3948,0.389,0.36649999999999994
2020-04-02,India,0.557,0.396,0.342,0.333,0.397
2020-04-02,Kenya,0.34600000000000003,0.54,0.47,0.5429999999999999,0.2
2020-04-02,Pakistan,0.29100000000000004,0.602,0.579,0.498,0.122
2020-04-02,United Arab Emirates,0.465,0.384,0.326,0.366,0.324
2020-04-02,United Kingdom,0.544,0.35600000000000004,0.354,0.386,0.382
2020-04-02,United States,0.4793333333333332,0.41733333333333333,0.39244444444444443,0.3841111111111111,0.32822222222222225
2020-04-02,Venezuela,0.608,0.287,0.348,0.245,0.384
2020-04-03,Australia,0.524,0.325,0.412,0.392,0.245
2020-04-03,Belgium,0.503,0.35700000000000004,0.411,0.295,0.353
2020-04-03,Canada,0.5109999999999999,0.374,0.4405,0.37150000000000005,0.35150000000000003
2020-04-03,India,0.49466666666666664,0.36833333333333335,0.41733333333333333,0.379,0.292
2020-04-03,Nigeria,0.482,0.404,0.472,0.361,0.264
2020-04-03,United States,0.5260000000000001,0.36960000000000004,0.38430000000000003,0.37059999999999993,0.3603
2020-04-04,Australia,0.329,0.519,0.5670000000000001,0.511,0.198
2020-04-04,Bahamas,0.348,0.487,0.583,0.58,0.263
2020-04-04,Canada,0.449,0.45875,0.44799999999999995,0.41975000000000007,0.27775
2020-04-04,Kenya,0.484,0.429,0.389,0.404,0.321
2020-04-04,Netherlands,0.421,0.478,0.429,0.376,0.297
2020-04-04,Nigeria,0.342,0.569,0.601,0.505,0.154
2020-04-04,United Arab Emirates,0.562,0.33,0.306,0.21,0.368
2020-04-04,United Kingdom,0.3946666666666667,0.48866666666666675,0.5036666666666667,0.4676666666666667,0.22966666666666666
2020-04-04,United States,0.447125,0.44675,0.448375,0.412125,0.305125
2020-04-05,Canada,0.5205,0.43750000000000006,0.38250000000000006,0.386,0.379
2020-04-05,Ghana,0.363,0.484,0.594,0.447,0.206
2020-04-05,Hong Kong,0.32299999999999995,0.562,0.545,0.537,0.184
2020-04-05,India,0.408,0.4666666666666666,0.5203333333333333,0.426,0.28099999999999997
2020-04-05,Japan,0.512,0.359,0.312,0.342,0.37
2020-04-05,Kenya,0.44,0.468,0.4370000000000001,0.42,0.232
2020-04-05,Nigeria,0.49649999999999994,0.313,0.35850000000000004,0.373,0.35
2020-04-05,South Africa,0.3945000000000001,0.437,0.474,0.383,0.224
2020-04-05,Uganda,0.519,0.419,0.504,0.374,0.3670000000000001
2020-04-05,United Kingdom,0.536,0.268,0.28,0.271,0.334
2020-04-05,United States,0.4255,0.4375,0.49449999999999994,0.4585,0.2275
2020-04-06,Ghana,0.41100000000000003,0.4355,0.5215000000000001,0.446,0.219
2020-04-06,India,0.5383333333333332,0.3973333333333333,0.44333333333333336,0.38233333333333336,0.3626666666666667
2020-04-06,Nigeria,0.443,0.501,0.522,0.504,0.307
2020-04-06,United States,0.503,0.4375,0.47174999999999995,0.406,0.3555
2020-04-07,Malaysia,0.5870000000000001,0.304,0.438,0.34700000000000003,0.393
2020-04-07,United Kingdom,0.484,0.42075000000000007,0.35575,0.3925,0.32675
2020-04-07,United States,0.46180000000000004,0.40119999999999995,0.4408,0.4151999999999999,0.31120000000000003
2020-04-08,Canada,0.573,0.359,0.35,0.295,0.425
2020-04-08,India,0.53,0.44,0.422,0.374,0.353
2020-04-08,Ireland,0.382,0.482,0.526,0.487,0.236
2020-04-08,Nigeria,0.463,0.467,0.544,0.476,0.302
2020-04-08,United Kingdom,0.442,0.5660000000000001,0.542,0.456,0.29600000000000004
2020-04-08,United States,0.4975,0.4240714285714286,0.4396428571428572,0.39492857142857146,0.3357857142857143
2020-04-09,Canada,0.5336666666666666,0.4176666666666667,0.37966666666666676,0.36333333333333334,0.33866666666666667
2020-04-09,India,0.4155,0.5115,0.4665,0.4705,0.2575
2020-04-09,United States,0.4980909090909092,0.3922727272727272,0.40118181818181814,0.3704545454545455,0.3461818181818182
2020-04-10,Canada,0.542,0.421,0.40349999999999997,0.3875,0.416
2020-04-10,Nigeria,0.472,0.424,0.42166666666666663,0.40900000000000003,0.30933333333333335
2020-04-10,United States,0.519125,0.39375,0.375625,0.36250000000000004,0.38475000000000004
2020-04-11,India,0.4535,0.4375,0.4585,0.3815,0.308
2020-04-11,Nepal,0.418,0.511,0.564,0.446,0.32299999999999995
2020-04-11,United States,0.44900000000000007,0.45575,0.40774999999999995,0.398,0.26725
2020-04-12,Canada,0.701,0.369,0.253,0.276,0.5579999999999999
2020-04-12,India,0.445,0.41,0.422,0.434,0.337
2020-04-12,Philippines,0.4970000000000001,0.384,0.46,0.388,0.32
2020-04-12,United Kingdom,0.75,0.276,0.181,0.245,0.618
2020-04-12,United States,0.635,0.3476666666666666,0.3403333333333334,0.33099999999999996,0.4916666666666667
2020-04-13,Australia,0.463,0.428,0.501,0.428,0.275
2020-04-13,Canada,0.626,0.35600000000000004,0.429,0.397,0.465
2020-04-13,India,0.4805,0.41200000000000003,0.4795,0.4255,0.3295
2020-04-13,Nigeria,0.415,0.5057499999999999,0.5075,0.46975,0.272
2020-04-13,South Africa,0.321,0.521,0.5539999999999999,0.5479999999999999,0.084
2020-04-13,United Kingdom,0.478,0.40549999999999997,0.39,0.42200000000000004,0.326
2020-04-13,United States,0.465,0.44175000000000003,0.4472499999999999,0.42125,0.31825000000000003
2020-04-14,Canada,0.413,0.449,0.583,0.478,0.275
2020-04-14,Nigeria,0.439,0.457,0.4765,0.4415,0.287
2020-04-14,Spain,0.393,0.475,0.476,0.456,0.271
2020-04-14,United Kingdom,0.488,0.342,0.395,0.35100000000000003,0.242
2020-04-14,United States,0.47950000000000004,0.41333333333333333,0.41816666666666674,0.4135,0.30433333333333334
2020-04-15,Australia,0.486,0.336,0.453,0.385,0.336
2020-04-15,India,0.442,0.514,0.589,0.52,0.298
2020-04-15,Malaysia,0.361,0.561,0.54,0.469,0.194
2020-04-15,Netherlands,0.531,0.388,0.359,0.35200000000000004,0.331
2020-04-15,New Zealand,0.4970000000000001,0.416,0.366,0.403,0.251
2020-04-15,Nigeria,0.436,0.364,0.411,0.412,0.262
2020-04-15,United Kingdom,0.408,0.505,0.392,0.439,0.226
2020-04-15,United States,0.5296000000000001,0.392,0.3486000000000001,0.34259999999999996,0.36119999999999997
2020-04-16,India,0.514,0.3745,0.41999999999999993,0.371,0.317
2020-04-16,Pakistan,0.363,0.514,0.579,0.507,0.229
2020-04-16,Philippines,0.632,0.354,0.326,0.331,0.386
2020-04-16,South Africa,0.52,0.3720000000000001,0.438,0.35100000000000003,0.313
2020-04-16,Uganda,0.468,0.454,0.417,0.406,0.309
2020-04-16,United Kingdom,0.509,0.396,0.384,0.343,0.399
2020-04-16,United States,0.4632222222222222,0.432,0.42422222222222217,0.39655555555555555,0.28211111111111115
2020-04-17,Canada,0.626,0.319,0.391,0.259,0.439
2020-04-17,Ireland,0.6459999999999999,0.272,0.285,0.239,0.508
2020-04-17,Kenya,0.488,0.35,0.516,0.4,0.34700000000000003
2020-04-17,Mexico,0.544,0.3720000000000001,0.377,0.355,0.32299999999999995
2020-04-17,Nigeria,0.284,0.633,0.484,0.5489999999999999,0.126
2020-04-17,United Kingdom,0.594,0.355,0.29600000000000004,0.332,0.399
2020-04-17,United States,0.42912500000000003,0.46062499999999995,0.44837499999999997,0.41625,0.276625
2020-04-18,Australia,0.399,0.396,0.409,0.412,0.223
2020-04-18,Canada,0.569,0.366,0.368,0.334,0.3670000000000001
2020-04-18,India,0.3855,0.42900000000000005,0.4545,0.499,0.266
2020-04-18,United Kingdom,0.422,0.4,0.344,0.387,0.25
2020-04-18,United States,0.5234,0.4114,0.40020000000000006,0.3534,0.3694
2020-04-19,Pakistan,0.67,0.359,0.309,0.354,0.539
2020-04-19,Sweden,0.4370000000000001,0.416,0.408,0.39,0.231
2020-04-19,United Kingdom,0.617,0.44,0.365,0.358,0.467
2020-04-19,United States,0.46679999999999994,0.41740000000000005,0.41580000000000006,0.383,0.30460000000000004
2020-04-20,Canada,0.4320000000000001,0.464,0.464,0.412,0.28300000000000003
2020-04-20,India,0.6055,0.335,0.3915,0.33299999999999996,0.4215
2020-04-20,Nigeria,0.4320000000000001,0.4270000000000001,0.446,0.374,0.274
2020-04-20,United Kingdom,0.337,0.608,0.459,0.469,0.17
2020-04-20,United States,0.5096666666666666,0.38633333333333336,0.3398333333333334,0.3505,0.3521666666666667
2020-04-21,India,0.418,0.466,0.5529999999999999,0.442,0.285
2020-04-21,Nigeria,0.433,0.485,0.484,0.486,0.293
2020-04-21,United Kingdom,0.528,0.406,0.443,0.34600000000000003,0.33
2020-04-21,United States,0.418125,0.46112499999999995,0.49174999999999996,0.471,0.28725
2020-04-22,Canada,0.46499999999999997,0.427,0.444,0.38849999999999996,0.23399999999999999
2020-04-22,India,0.349,0.498,0.474,0.494,0.218
2020-04-22,Kenya,0.436,0.446,0.474,0.461,0.209
2020-04-22,United Kingdom,0.542,0.41000000000000003,0.449,0.3955000000000001,0.357
2020-04-22,United States,0.565,0.37733333333333335,0.3526666666666667,0.307,0.3895
2020-04-23,Canada,0.5125,0.33199999999999996,0.37500000000000006,0.41700000000000004,0.384
2020-04-23,India,0.406,0.511,0.5539999999999999,0.431,0.235
2020-04-23,Malawi,0.514,0.271,0.32,0.3720000000000001,0.35100000000000003
2020-04-23,South Africa,0.579,0.35700000000000004,0.382,0.339,0.385
2020-04-23,United States,0.513,0.3855714285714286,0.42871428571428577,0.37400000000000005,0.3288571428571429
2020-04-24,United Kingdom,0.489,0.384,0.376,0.371,0.32
2020-04-24,United States,0.4705454545454545,0.4140909090909091,0.4384545454545455,0.4178181818181818,0.3100909090909091
2020-04-24,Zimbabwe,0.4320000000000001,0.35600000000000004,0.455,0.399,0.209
2020-04-25,Canada,0.581,0.345,0.345,0.329,0.36
2020-04-25,India,0.505,0.415,0.522,0.425,0.332
2020-04-25,Malaysia,0.326,0.505,0.45,0.491,0.189
2020-04-25,United Kingdom,0.48750000000000004,0.448,0.442,0.40800000000000003,0.3045
2020-04-25,United States,0.4852,0.4404,0.4418,0.41080000000000005,0.31520000000000004
2020-04-26,Argentina,0.434,0.396,0.521,0.369,0.274
2020-04-26,Australia,0.539,0.388,0.329,0.309,0.363
2020-04-26,Bahrain,0.547,0.374,0.399,0.35,0.394
2020-04-26,Canada,0.456,0.394,0.48,0.369,0.257
2020-04-26,India,0.524,0.379,0.349,0.338,0.34700000000000003
2020-04-26,Maldives,0.556,0.381,0.456,0.383,0.377
2020-04-26,Nigeria,0.45449999999999996,0.3965,0.4205,0.4605,0.301
2020-04-26,Turkey,0.53,0.399,0.28300000000000003,0.332,0.414
2020-04-26,United Kingdom,0.45,0.536,0.426,0.403,0.369
2020-04-26,United States,0.5021666666666667,0.39766666666666667,0.39383333333333326,0.3715,0.3323333333333333
2020-04-27,Belgium,0.594,0.385,0.338,0.299,0.467
2020-04-27,India,0.383,0.494,0.509,0.4610000000000001,0.20700000000000002
2020-04-27,Nigeria,0.495,0.422,0.484,0.47,0.299
2020-04-27,United States,0.40700000000000003,0.4875714285714286,0.5395714285714286,0.4687142857142857,0.2502857142857143
2020-04-28,Australia,0.5479999999999999,0.368,0.34,0.297,0.358
2020-04-28,Canada,0.5225,0.352,0.328,0.31400000000000006,0.37150000000000005
2020-04-28,Germany,0.4920000000000001,0.3670000000000001,0.462,0.365,0.294
2020-04-28,India,0.51,0.4385,0.377,0.3185,0.3385
2020-04-28,Pakistan,0.512,0.388,0.387,0.358,0.344
2020-04-28,Sweden,0.473,0.417,0.458,0.392,0.332
2020-04-28,United Arab Emirates,0.502,0.423,0.4,0.391,0.294
2020-04-28,United Kingdom,0.41350000000000003,0.4605,0.47850000000000004,0.4495,0.305
2020-04-28,United States,0.47139999999999993,0.44089999999999996,0.45620000000000005,0.4224,0.30369999999999997
2020-04-29,Canada,0.436,0.397,0.422,0.378,0.202
2020-04-29,India,0.474,0.41,0.505,0.474,0.282
2020-04-29,New Zealand,0.5,0.393,0.458,0.35700000000000004,0.365
2020-04-29,United Kingdom,0.429,0.488,0.4495,0.4245,0.25
2020-04-29,United States,0.4378333333333333,0.4741666666666666,0.46449999999999997,0.4175,0.29650000000000004
2020-04-30,Argentina,0.407,0.354,0.36,0.39,0.238
2020-04-30,Canada,0.629,0.307,0.442,0.349,0.451
2020-04-30,Germany,0.488,0.308,0.316,0.32299999999999995,0.381
2020-04-30,India,0.38999999999999996,0.509,0.5656666666666667,0.5303333333333333,0.22366666666666668
2020-04-30,Nigeria,0.5385,0.379,0.33699999999999997,0.36150000000000004,0.354
2020-04-30,South Africa,0.47350000000000003,0.4585,0.39399999999999996,0.42500000000000004,0.271
2020-04-30,United States,0.417,0.476,0.4816666666666667,0.4326666666666667,0.271
2020-05-01,Australia,0.462,0.411,0.422,0.442,0.319
2020-05-01,India,0.415,0.462,0.35700000000000004,0.4320000000000001,0.23
2020-05-01,Nigeria,0.409,0.48,0.38,0.388,0.326
2020-05-01,South Africa,0.393,0.545,0.431,0.482,0.236
2020-05-01,United States,0.46720000000000006,0.4356,0.3982,0.3942,0.3004
2020-05-02,Canada,0.44300000000000006,0.4255,0.4085,0.372,0.258
2020-05-02,Philippines,0.4920000000000001,0.378,0.439,0.421,0.281
2020-05-02,Switzerland,0.376,0.4370000000000001,0.66,0.539,0.17800000000000002
2020-05-02,United States,0.494,0.43574999999999997,0.4,0.39925,0.3405
2020-05-03,Nigeria,0.44749999999999995,0.493,0.5055000000000001,0.453,0.276
2020-05-03,Turkey,0.368,0.513,0.5539999999999999,0.455,0.172
2020-05-03,United Kingdom,0.51,0.42600000000000005,0.43,0.3845,0.399
2020-05-04,Australia,0.446,0.41700000000000004,0.4485,0.437,0.24350000000000002
2020-05-04,India,0.4685,0.4345,0.4415,0.374,0.3295
2020-05-04,Nepal,0.469,0.374,0.5379999999999999,0.395,0.297
2020-05-04,Nigeria,0.513,0.398,0.49650000000000005,0.38,0.316
2020-05-04,Philippines,0.636,0.264,0.37,0.264,0.392
2020-05-04,United Kingdom,0.555,0.374,0.472,0.447,0.375
2020-05-04,United States,0.404,0.467,0.514,0.454,0.26
2020-05-05,India,0.5058,0.4114000000000001,0.42400000000000004,0.3708,0.3494
2020-05-05,Italy,0.331,0.501,0.546,0.451,0.259
2020-05-05,Saudi Arabia,0.5770000000000001,0.402,0.379,0.326,0.428
2020-05-05,United States,0.48819999999999997,0.3946,0.38120000000000004,0.3888,0.3365
2020-05-05,Zimbabwe,0.407,0.551,0.544,0.51,0.293
2020-05-06,India,0.4255,0.40149999999999997,0.616,0.48,0.26549999999999996
2020-05-06,Japan,0.423,0.44,0.477,0.435,0.277
2020-05-06,United Kingdom,0.49900000000000005,0.41133333333333333,0.38633333333333336,0.36233333333333334,0.3433333333333333
2020-05-06,United States,0.4605,0.42125,0.4455,0.40525000000000005,0.28975
2020-05-07,Canada,0.53,0.392,0.329,0.327,0.422
2020-05-07,India,0.6366666666666666,0.3256666666666667,0.3336666666666666,0.33066666666666666,0.4583333333333333
2020-05-07,United Kingdom,0.6265000000000001,0.3005,0.3275,0.266,0.464
2020-05-07,United States,0.38557142857142856,0.5138571428571428,0.4585714285714286,0.4492857142857143,0.21457142857142855
2020-05-08,Canada,0.384,0.541,0.475,0.473,0.206
2020-05-08,China,0.495,0.375,0.35200000000000004,0.377,0.368
2020-05-08,India,0.542,0.35,0.425,0.396,0.384
2020-05-08,Indonesia,0.289,0.545,0.506,0.524,0.171
2020-05-08,Ireland,0.648,0.338,0.306,0.29,0.496
2020-05-08,South Africa,0.3720000000000001,0.521,0.695,0.534,0.219
2020-05-08,United States,0.537,0.34550000000000003,0.374625,0.35975,0.354875
2020-05-09,Australia,0.322,0.609,0.552,0.493,0.211
2020-05-09,Nigeria,0.353,0.479,0.573,0.522,0.238
2020-05-09,Pakistan,0.466,0.5,0.541,0.484,0.331
2020-05-09,United States,0.504,0.41700000000000004,0.43600000000000005,0.404,0.343
2020-05-10,Bangladesh,0.542,0.342,0.308,0.35200000000000004,0.382
2020-05-10,Canada,0.535,0.34700000000000003,0.5770000000000001,0.406,0.377
2020-05-10,India,0.578,0.35600000000000004,0.457,0.426,0.3670000000000001
2020-05-10,South Africa,0.4395,0.41200000000000003,0.48450000000000004,0.45,0.30400000000000005
2020-05-10,United Kingdom,0.4758,0.44719999999999993,0.40980000000000005,0.38680000000000003,0.319
2020-05-10,United States,0.37166666666666665,0.5246666666666666,0.4653333333333333,0.5023333333333334,0.24966666666666668
2020-05-11,India,0.42800000000000005,0.4545,0.542,0.4415,0.261
2020-05-11,Maldives,0.464,0.34600000000000003,0.565,0.481,0.314
2020-05-11,Pakistan,0.518,0.448,0.514,0.415,0.353
2020-05-11,South Africa,0.5455000000000001,0.37,0.37,0.401,0.41900000000000004
2020-05-11,United Kingdom,0.359,0.534,0.4645,0.48550000000000004,0.237
2020-05-11,United States,0.40675000000000006,0.47175,0.50625,0.4495,0.23024999999999998
2020-05-12,Austria,0.509,0.43,0.368,0.35600000000000004,0.369
2020-05-12,France,0.526,0.373,0.301,0.341,0.35600000000000004
2020-05-12,Ireland,0.496,0.375,0.387,0.311,0.366
2020-05-12,Nigeria,0.581,0.416,0.483,0.459,0.429
2020-05-12,United States,0.4783333333333333,0.43416666666666665,0.4481666666666666,0.395,0.31016666666666665
2020-05-13,India,0.625,0.33999999999999997,0.3365,0.2875,0.445
2020-05-13,Nepal,0.391,0.501,0.502,0.435,0.312
2020-05-13,Norway,0.422,0.476,0.475,0.415,0.208
2020-05-13,United Kingdom,0.474,0.40349999999999997,0.32999999999999996,0.3865,0.3675
2020-05-13,United States,0.5075714285714286,0.39,0.3925714285714285,0.3598571428571429,0.32757142857142857
2020-05-14,India,0.5710000000000001,0.369,0.36,0.333,0.395
2020-05-14,Pakistan,0.6729999999999999,0.328,0.396,0.264,0.502
2020-05-14,Philippines,0.499,0.371,0.381,0.387,0.267
2020-05-14,South Africa,0.561,0.38,0.325,0.35600000000000004,0.433
2020-05-14,United Kingdom,0.541,0.41533333333333333,0.4683333333333333,0.42566666666666664,0.4183333333333333
2020-05-14,United States,0.37400000000000005,0.506,0.5113333333333333,0.521,0.265
2020-05-15,Australia,0.463,0.459,0.467,0.406,0.276
2020-05-15,Canada,0.403,0.498,0.513,0.466,0.273
2020-05-15,India,0.4805,0.346,0.36650000000000005,0.3775,0.316
2020-05-15,South Africa,0.396,0.448,0.617,0.467,0.247
2020-05-15,United Kingdom,0.506,0.426,0.419,0.377,0.321
2020-05-15,United States,0.4757777777777778,0.4583333333333333,0.41688888888888886,0.4051111111111112,0.3337777777777778
2020-05-16,Canada,0.32,0.495,0.546,0.507,0.161
2020-05-16,India,0.498,0.4270000000000001,0.336,0.327,0.38
2020-05-16,South Africa,0.569,0.4320000000000001,0.325,0.35700000000000004,0.422
2020-05-16,Uganda,0.5920000000000001,0.333,0.37,0.35,0.368
2020-05-16,United Kingdom,0.5685,0.361,0.3535,0.361,0.38849999999999996
2020-05-16,United States,0.42160000000000003,0.4506,0.44299999999999995,0.44420000000000004,0.256
2020-05-17,Botswana,0.396,0.474,0.489,0.45,0.23
2020-05-17,India,0.5996666666666667,0.35766666666666663,0.306,0.3406666666666667,0.461
2020-05-17,Ireland,0.406,0.513,0.4,0.414,0.275
2020-05-17,United States,0.45699999999999996,0.4585,0.402,0.381,0.29600000000000004
2020-05-18,India,0.495,0.4,0.387,0.382,0.32499999999999996
2020-05-18,Jamaica,0.534,0.33,0.28600000000000003,0.271,0.381
2020-05-18,Kenya,0.287,0.617,0.5,0.5329999999999999,0.13699999999999998
2020-05-18,Pakistan,0.5820000000000001,0.349,0.284,0.334,0.421
2020-05-18,Tanzania,0.485,0.456,0.397,0.414,0.406
2020-05-18,United Kingdom,0.4763333333333333,0.42733333333333334,0.452,0.385,0.29833333333333334
2020-05-18,United States,0.48033333333333333,0.4033333333333333,0.4266666666666667,0.41,0.31266666666666665
2020-05-19,Australia,0.428,0.505,0.458,0.424,0.26
2020-05-19,Philippines,0.417,0.424,0.331,0.338,0.277
2020-05-19,United Kingdom,0.48450000000000004,0.4085,0.4640000000000001,0.4165,0.27
2020-05-19,United States,0.49066666666666664,0.41933333333333334,0.341,0.33433333333333337,0.32966666666666666
2020-05-20,India,0.488,0.4625,0.4535,0.4105,0.32899999999999996
2020-05-20,Ireland,0.5539999999999999,0.377,0.307,0.3,0.493
2020-05-20,New Zealand,0.535,0.35600000000000004,0.328,0.333,0.397
2020-05-20,United States,0.4633333333333333,0.4583333333333333,0.4306666666666667,0.4073333333333333,0.2786666666666667
2020-05-21,India,0.6045,0.3285,0.3705,0.32599999999999996,0.415
2020-05-21,South Africa,0.44,0.464,0.405,0.4270000000000001,0.332
2020-05-21,United Kingdom,0.5745,0.397,0.3435,0.317,0.389
2020-05-21,United States,0.5200000000000001,0.37766666666666665,0.42500000000000004,0.37500000000000006,0.36883333333333335
2020-05-21,Venezuela,0.581,0.37,0.34,0.391,0.4320000000000001
2020-05-22,Greece,0.382,0.593,0.449,0.423,0.141
2020-05-22,India,0.514,0.386,0.474,0.354,0.334
2020-05-22,United Kingdom,0.6,0.381,0.3670000000000001,0.34,0.369
2020-05-22,United States,0.4423333333333333,0.44616666666666677,0.42783333333333334,0.4001666666666666,0.2793333333333334
2020-05-23,United Kingdom,0.487,0.424,0.416,0.42450000000000004,0.3285
2020-05-23,United States,0.40425,0.47275,0.46962500000000007,0.451,0.22750000000000004
2020-05-23,Zambia,0.5770000000000001,0.262,0.32,0.289,0.409
2020-05-24,United States,0.35,0.535,0.466,0.478,0.196
2020-05-25,Australia,0.361,0.519,0.43,0.4970000000000001,0.196
2020-05-25,India,0.4215,0.483,0.48100000000000004,0.3785,0.28600000000000003
2020-05-25,Pakistan,0.535,0.401,0.398,0.382,0.359
2020-05-25,Philippines,0.3670000000000001,0.5379999999999999,0.535,0.529,0.234
2020-05-25,Taiwan,0.383,0.557,0.439,0.441,0.26
2020-05-25,United Kingdom,0.4415,0.4275,0.536,0.39849999999999997,0.29100000000000004
2020-05-25,United States,0.49,0.3720000000000001,0.4455,0.37450000000000006,0.321
2020-05-26,Australia,0.459,0.414,0.428,0.4,0.21600000000000005
2020-05-26,Canada,0.457,0.421,0.441,0.376,0.328
2020-05-26,Ireland,0.534,0.393,0.525,0.4970000000000001,0.334
2020-05-26,United Kingdom,0.5615,0.4035,0.3395,0.3315,0.3115
2020-05-26,United States,0.4868333333333334,0.4056666666666667,0.37966666666666665,0.37283333333333335,0.3451666666666666
2020-05-27,Nigeria,0.416,0.4270000000000001,0.3720000000000001,0.402,0.305
2020-05-27,Pakistan,0.431,0.465,0.602,0.464,0.234
2020-05-27,Senegal,0.462,0.419,0.405,0.405,0.269
2020-05-27,United Kingdom,0.6355,0.34850000000000003,0.3935,0.3135,0.41700000000000004
2020-05-27,United States,0.544,0.356,0.38525,0.35325,0.378
2020-05-28,Kenya,0.4665,0.44399999999999995,0.40850000000000003,0.4275,0.28700000000000003
2020-05-28,United Arab Emirates,0.456,0.379,0.405,0.345,0.308
2020-05-28,United Kingdom,0.502,0.366,0.461,0.483,0.319
2020-05-28,United States,0.42500000000000004,0.4586666666666666,0.47266666666666673,0.434,0.2663333333333333
2020-05-29,France,0.373,0.5329999999999999,0.358,0.349,0.217
2020-05-29,India,0.403,0.514,0.573,0.506,0.306
2020-05-29,Indonesia,0.5760000000000001,0.268,0.287,0.276,0.388
2020-05-29,South Africa,0.504,0.412,0.35100000000000003,0.302,0.37
2020-05-29,United Kingdom,0.594,0.376,0.281,0.318,0.402
2020-05-29,United States,0.604,0.388,0.369,0.312,0.525
2020-05-30,India,0.404,0.486,0.459,0.471,0.226
2020-05-30,Japan,0.458,0.29600000000000004,0.292,0.292,0.258
2020-05-30,United States,0.48350000000000004,0.43000000000000005,0.45475,0.42625,0.361
2020-05-31,India,0.467,0.406,0.456,0.395,0.301
2020-05-31,Kenya,0.515,0.465,0.487,0.418,0.338
2020-05-31,United Kingdom,0.518,0.429,0.3625,0.3725,0.36250000000000004
2020-05-31,United States,0.4636,0.4358000000000001,0.4138,0.41100000000000003,0.3088
2020-06-01,United Kingdom,0.47050000000000003,0.4115,0.4155,0.384,0.29500000000000004
2020-06-01,United States,0.44399999999999995,0.4506666666666666,0.42733333333333334,0.4363333333333334,0.279
2020-06-02,Canada,0.546,0.321,0.281,0.34600000000000003,0.317
2020-06-02,India,0.49300000000000005,0.386,0.4625,0.3655,0.29900000000000004
2020-06-02,Ukraine,0.464,0.456,0.509,0.452,0.251
2020-06-02,United Kingdom,0.42,0.396,0.376,0.419,0.294
2020-06-02,United States,0.40125,0.44375000000000003,0.48437499999999994,0.4478750000000001,0.26937500000000003
2020-06-03,Canada,0.502,0.416,0.4270000000000001,0.368,0.34
2020-06-03,India,0.586,0.318,0.284,0.312,0.395
2020-06-03,Nigeria,0.534,0.362,0.45,0.373,0.35600000000000004
2020-06-03,South Africa,0.292,0.55,0.546,0.5579999999999999,0.14800000000000002
2020-06-03,Uganda,0.45,0.401,0.364,0.397,0.29
2020-06-03,United Kingdom,0.545,0.36566666666666675,0.35366666666666663,0.34800000000000003,0.34900000000000003
2020-06-03,United States,0.41625000000000006,0.505,0.45224999999999993,0.42899999999999994,0.2705
2020-06-04,Barbados,0.418,0.486,0.458,0.44,0.264
2020-06-04,Rwanda,0.536,0.371,0.385,0.35,0.341
2020-06-04,South Africa,0.548,0.41000000000000003,0.398,0.338,0.385
2020-06-04,United Kingdom,0.494,0.35,0.376,0.364,0.374
2020-06-04,United States,0.384,0.444,0.48,0.43,0.194
2020-06-05,Australia,0.358,0.498,0.515,0.4320000000000001,0.311
2020-06-05,Canada,0.426,0.465,0.383,0.395,0.299
2020-06-05,India,0.54,0.297,0.363,0.34600000000000003,0.407
2020-06-05,Ireland,0.515,0.424,0.322,0.358,0.376
2020-06-05,Kenya,0.408,0.502,0.611,0.461,0.248
2020-06-05,United States,0.49433333333333335,0.429,0.41066666666666674,0.4023333333333334,0.333
2020-06-06,India,0.3875,0.5185,0.4565,0.42400000000000004,0.22599999999999998
2020-06-06,Indonesia,0.43,0.35600000000000004,0.317,0.326,0.299
2020-06-06,South Africa,0.575,0.338,0.344,0.348,0.35
2020-06-07,India,0.56,0.358,0.375,0.331,0.501
2020-06-07,Malaysia,0.472,0.408,0.526,0.426,0.247
2020-06-07,United Kingdom,0.41600000000000004,0.475,0.4225,0.4465,0.28650000000000003
2020-06-08,Ghana,0.438,0.503,0.409,0.406,0.235
2020-06-08,United Kingdom,0.459,0.455,0.483,0.416,0.266
2020-06-09,Australia,0.3255,0.5045,0.513,0.47850000000000004,0.2235
2020-06-09,India,0.359,0.468,0.596,0.5,0.152
2020-06-09,United States,0.40599999999999997,0.4716666666666667,0.4666666666666666,0.465,0.30233333333333334
2020-06-10,Egypt,0.434,0.387,0.345,0.3670000000000001,0.222
2020-06-10,India,0.428,0.441,0.404,0.469,0.213
2020-06-10,Pakistan,0.39,0.518,0.56,0.501,0.244
2020-06-10,United States,0.5022500000000001,0.36824999999999997,0.38725,0.38975000000000004,0.35000000000000003
2020-06-11,United States,0.4623333333333333,0.4383333333333333,0.42700000000000005,0.3866666666666667,0.301
2020-06-12,Canada,0.496,0.324,0.339,0.315,0.364
2020-06-12,India,0.384,0.502,0.6409999999999999,0.496,0.217
2020-06-12,Netherlands,0.363,0.599,0.498,0.498,0.198
2020-06-12,Pakistan,0.518,0.435,0.412,0.363,0.379
2020-06-12,United States,0.4225,0.47750000000000004,0.4975,0.4875,0.29300000000000004
2020-06-13,Anguilla,0.569,0.428,0.329,0.334,0.381
2020-06-13,Nigeria,0.563,0.24,0.302,0.34,0.371
2020-06-13,Pakistan,0.502,0.426,0.389,0.409,0.35600000000000004
2020-06-13,South Africa,0.507,0.34600000000000003,0.459,0.349,0.35700000000000004
2020-06-13,United Kingdom,0.5525,0.366,0.3735,0.34550000000000003,0.3715
2020-06-13,United States,0.4121666666666666,0.4698333333333333,0.4661666666666667,0.434,0.2605
2020-06-14,India,0.481,0.41400000000000003,0.4605,0.392,0.3095
2020-06-14,Nigeria,0.394,0.392,0.398,0.415,0.246
2020-06-14,United States,0.338,0.485,0.578,0.5479999999999999,0.16399999999999998
2020-06-15,United Kingdom,0.532,0.354,0.4370000000000001,0.41,0.29100000000000004
2020-06-15,United States,0.411,0.475,0.441,0.44,0.251
2020-06-16,United States,0.502,0.376,0.446,0.444,0.378
2020-06-17,United States,0.535,0.456,0.409,0.361,0.34600000000000003
2020-06-18,United States,0.46599999999999997,0.385,0.4525,0.41575,0.32125000000000004
2020-06-19,United Kingdom,0.4535,0.442,0.47150000000000003,0.4105,0.28900000000000003
2020-06-19,United States,0.4346,0.477,0.4556,0.42460000000000003,0.268
2020-06-20,Ghana,0.473,0.421,0.458,0.42,0.225
2020-06-20,Ireland,0.334,0.547,0.56,0.579,0.228
2020-06-20,United Kingdom,0.446,0.389,0.482,0.433,0.293
2020-06-20,United States,0.48612500000000003,0.41412499999999997,0.40512499999999996,0.415625,0.34
2020-06-21,Brazil,0.376,0.438,0.517,0.541,0.268
2020-06-21,Uganda,0.444,0.4970000000000001,0.443,0.375,0.287
2020-06-21,United States,0.4518000000000001,0.4298,0.442,0.4142,0.30369999999999997
2020-06-22,Canada,0.613,0.399,0.3,0.34,0.4370000000000001
2020-06-22,Ireland,0.564,0.299,0.447,0.376,0.348
2020-06-22,Pakistan,0.524,0.401,0.4970000000000001,0.398,0.321
2020-06-22,Portugal,0.37,0.522,0.495,0.448,0.218
2020-06-22,United Kingdom,0.473,0.403,0.434,0.378,0.349
2020-06-22,United States,0.511,0.39066666666666666,0.3503333333333334,0.36566666666666664,0.32566666666666666
2020-06-23,Belgium,0.565,0.377,0.407,0.364,0.4320000000000001
2020-06-23,Hungary,0.541,0.402,0.404,0.36,0.343
2020-06-23,Kenya,0.447,0.379,0.466,0.4,0.197
2020-06-23,United States,0.53325,0.39775000000000005,0.368,0.397,0.362
2020-06-24,Canada,0.473,0.429,0.378,0.388,0.266
2020-06-24,Kenya,0.491,0.457,0.405,0.382,0.34
2020-06-24,Nigeria,0.426,0.456,0.488,0.442,0.245
2020-06-24,Philippines,0.517,0.4370000000000001,0.408,0.361,0.348
2020-06-24,United Kingdom,0.5723333333333334,0.35633333333333334,0.36433333333333334,0.3456666666666666,0.422
2020-06-24,United States,0.47050000000000003,0.43625,0.45875000000000005,0.44075000000000003,0.329
2020-06-25,Canada,0.456,0.409,0.4370000000000001,0.405,0.281
2020-06-25,Pakistan,0.38,0.5329999999999999,0.5,0.469,0.197
2020-06-25,United Kingdom,0.49774999999999997,0.41975,0.39175,0.39325,0.3465
2020-06-25,United States,0.415,0.479,0.34600000000000003,0.355,0.246
2020-06-26,Canada,0.526,0.442,0.397,0.313,0.379
2020-06-26,Germany,0.541,0.428,0.483,0.35,0.389
2020-06-26,India,0.472,0.464,0.503,0.469,0.3
2020-06-26,Spain,0.395,0.4270000000000001,0.421,0.434,0.284
2020-06-26,United States,0.43300000000000005,0.44875000000000004,0.476375,0.4365,0.28412500000000007
2020-06-27,Ghana,0.536,0.303,0.32299999999999995,0.368,0.388
2020-06-27,South Africa,0.541,0.371,0.463,0.361,0.319
2020-06-27,United Kingdom,0.393,0.476,0.405,0.433,0.212
2020-06-27,United States,0.40540000000000004,0.4925,0.4817,0.4641,0.26639999999999997
2020-06-28,Canada,0.527,0.4,0.34,0.335,0.421
2020-06-28,India,0.449,0.421,0.396,0.359,0.35200000000000004
2020-06-28,United Kingdom,0.5870000000000001,0.349,0.348,0.313,0.469
2020-06-28,United States,0.434,0.48899999999999993,0.4578333333333333,0.43416666666666665,0.2935
2020-06-29,Pakistan,0.414,0.4645,0.4545,0.4395,0.243
2020-06-29,United States,0.39159999999999995,0.46580000000000005,0.5486,0.48119999999999996,0.25179999999999997
2020-06-30,Germany,0.532,0.429,0.336,0.297,0.379
2020-06-30,United Kingdom,0.4370000000000001,0.457,0.501,0.436,0.224
2020-06-30,United States,0.485,0.35,0.27,0.298,0.398
2020-07-01,Nigeria,0.505,0.317,0.43,0.354,0.29
2020-07-01,South Africa,0.481,0.433,0.447,0.398,0.294
2020-07-01,United Kingdom,0.461,0.392,0.411,0.401,0.316
2020-07-01,United States,0.5055,0.4165,0.4175000000000001,0.40549999999999997,0.366
2020-07-01,Venezuela,0.407,0.345,0.366,0.384,0.306
2020-07-02,Canada,0.479,0.462,0.511,0.379,0.327
2020-07-02,Denmark,0.447,0.434,0.379,0.382,0.293
2020-07-02,France,0.441,0.455,0.589,0.408,0.24
2020-07-02,Ireland,0.441,0.426,0.41,0.396,0.332
2020-07-02,United Kingdom,0.505,0.391,0.472,0.43,0.384
2020-07-02,United States,0.4528333333333334,0.44533333333333336,0.43166666666666664,0.4013333333333333,0.28833333333333333
2020-07-03,United States,0.5285,0.435,0.36350000000000005,0.34800000000000003,0.382
2020-07-04,Nigeria,0.591,0.328,0.488,0.34,0.368
2020-07-04,United Kingdom,0.46599999999999997,0.4075,0.4,0.369,0.2665
2020-07-04,United States,0.5014285714285714,0.4045714285714285,0.36100000000000004,0.36842857142857144,0.34828571428571425
2020-07-05,Australia,0.403,0.515,0.502,0.4370000000000001,0.304
2020-07-05,South Africa,0.457,0.403,0.5379999999999999,0.431,0.29
2020-07-05,United Kingdom,0.399,0.47350000000000003,0.5515,0.4325,0.25
2020-07-05,United States,0.467,0.446,0.461,0.424,0.314
2020-07-05,Vietnam,0.555,0.317,0.38,0.325,0.366
2020-07-06,Canada,0.4736666666666667,0.39299999999999996,0.418,0.37200000000000005,0.32466666666666666
2020-07-06,South Africa,0.399,0.466,0.61,0.542,0.332
2020-07-07,India,0.429,0.4235,0.4335,0.40249999999999997,0.3565
2020-07-07,Switzerland,0.534,0.324,0.4370000000000001,0.333,0.321
2020-07-07,United Kingdom,0.453,0.334,0.299,0.35,0.198
2020-07-07,United States,0.3912857142857143,0.4861428571428572,0.47014285714285714,0.46642857142857136,0.24385714285714283
2020-07-08,Germany,0.524,0.371,0.368,0.336,0.34700000000000003
2020-07-08,Ghana,0.366,0.476,0.4970000000000001,0.48,0.23
2020-07-08,India,0.5199999999999999,0.4036666666666667,0.42766666666666664,0.3956666666666666,0.36433333333333334
2020-07-08,Philippines,0.485,0.29100000000000004,0.232,0.4,0.27
2020-07-08,Switzerland,0.396,0.474,0.498,0.429,0.209
2020-07-08,United Kingdom,0.467,0.435,0.421,0.408,0.324
2020-07-08,United States,0.4689999999999999,0.4247142857142857,0.4557142857142856,0.422,0.324
2020-07-09,India,0.361,0.534,0.536,0.456,0.183
2020-07-09,United Kingdom,0.4983333333333333,0.35500000000000004,0.431,0.36166666666666664,0.2946666666666667
2020-07-09,United States,0.4378333333333333,0.4395,0.3915,0.4028333333333333,0.2708333333333333
2020-07-10,Australia,0.491,0.38,0.385,0.398,0.334
2020-07-10,Canada,0.64,0.28800000000000003,0.266,0.257,0.474
2020-07-10,Georgia,0.222,0.606,0.518,0.5589999999999999,0.159
2020-07-10,India,0.4065,0.4515,0.427,0.427,0.2475
2020-07-10,Ireland,0.545,0.369,0.386,0.429,0.387
2020-07-10,South Africa,0.35,0.512,0.404,0.442,0.263
2020-07-10,United Kingdom,0.443,0.4395,0.44800000000000006,0.40549999999999997,0.23399999999999999
2020-07-10,United States,0.4898571428571428,0.4250000000000001,0.456,0.4158571428571429,0.3132857142857143
2020-07-11,Germany,0.436,0.5529999999999999,0.488,0.478,0.318
2020-07-11,India,0.40633333333333344,0.434,0.5770000000000001,0.48266666666666663,0.2496666666666667
2020-07-11,Nigeria,0.444,0.469,0.409,0.389,0.258
2020-07-11,United Kingdom,0.5335000000000001,0.3655,0.3845,0.341,0.347
2020-07-11,United States,0.44016666666666665,0.4721666666666667,0.4988333333333333,0.45016666666666666,0.29516666666666663
2020-07-12,India,0.474,0.412,0.421,0.353,0.29100000000000004
2020-07-12,Kuwait,0.455,0.471,0.514,0.409,0.295
2020-07-12,Philippines,0.293,0.59,0.435,0.466,0.17800000000000002
2020-07-12,South Africa,0.6579999999999999,0.271,0.221,0.261,0.49849999999999994
2020-07-12,United Kingdom,0.456,0.452,0.519,0.42,0.272
2020-07-12,United States,0.38116666666666665,0.5095,0.49866666666666665,0.48183333333333334,0.24083333333333334
2020-07-13,India,0.39566666666666667,0.4683333333333333,0.49733333333333335,0.434,0.261
2020-07-13,Uganda,0.386,0.544,0.45,0.47,0.254
2020-07-13,United States,0.42780000000000007,0.48719999999999997,0.5112,0.4532000000000001,0.2744
2020-07-14,Australia,0.466,0.451,0.406,0.414,0.29
2020-07-14,United Kingdom,0.341,0.626,0.504,0.511,0.173
2020-07-14,United States,0.485,0.43625,0.42075,0.39562500000000006,0.309375
2020-07-15,Australia,0.362,0.535,0.54,0.476,0.152
2020-07-15,India,0.3,0.563,0.605,0.5579999999999999,0.209
2020-07-15,Switzerland,0.5479999999999999,0.411,0.448,0.321,0.324
2020-07-15,United States,0.3703333333333334,0.5123333333333333,0.4493333333333333,0.4546666666666667,0.27066666666666667
2020-07-16,Canada,0.529,0.39,0.43,0.354,0.355
2020-07-16,India,0.503,0.344,0.362,0.35200000000000004,0.308
2020-07-16,United States,0.42533333333333334,0.43416666666666676,0.455,0.44316666666666665,0.25833333333333336
2020-07-17,Central African Republic,0.462,0.404,0.402,0.373,0.269
2020-07-17,Germany,0.477,0.513,0.392,0.397,0.33
2020-07-17,India,0.534,0.402,0.362,0.3720000000000001,0.374
2020-07-17,Ireland,0.404,0.5660000000000001,0.519,0.495,0.246
2020-07-17,South Africa,0.447,0.444,0.434,0.38,0.404
2020-07-17,United Kingdom,0.56,0.39,0.364,0.35100000000000003,0.375
2020-07-17,United States,0.4691000000000001,0.418,0.4261000000000001,0.3868,0.29710000000000003
2020-07-18,Dominican Republic,0.445,0.489,0.261,0.342,0.393
2020-07-18,Netherlands,0.318,0.547,0.601,0.53,0.101
2020-07-18,United States,0.391,0.48625,0.502,0.4595,0.23875
2020-07-19,India,0.32299999999999995,0.5525,0.5589999999999999,0.492,0.14600000000000002
2020-07-19,New Zealand,0.304,0.614,0.526,0.523,0.18
2020-07-19,United States,0.38659999999999994,0.502,0.5224,0.47379999999999994,0.2508
2020-07-20,Canada,0.357,0.45999999999999996,0.6285000000000001,0.567,0.1895
2020-07-20,United States,0.48633333333333334,0.4291666666666667,0.42016666666666663,0.40116666666666667,0.29700000000000004
2020-07-21,Canada,0.388,0.484,0.412,0.43,0.282
2020-07-21,India,0.482,0.422,0.428,0.491,0.408
2020-07-21,United Kingdom,0.354,0.495,0.581,0.486,0.149
2020-07-21,United States,0.4682857142857143,0.4365714285714285,0.43028571428571427,0.38814285714285707,0.28585714285714287
2020-07-22,India,0.468,0.297,0.335,0.308,0.329
2020-07-22,Kyrgyzstan,0.282,0.524,0.652,0.623,0.231
2020-07-22,United States,0.45766666666666667,0.416,0.4623333333333333,0.424,0.3033333333333333
2020-07-23,Australia,0.374,0.477,0.655,0.513,0.193
2020-07-23,Ireland,0.66,0.35200000000000004,0.394,0.415,0.527
2020-07-23,United States,0.457,0.45275,0.46887500000000004,0.43962500000000004,0.315
2020-07-24,Australia,0.45,0.424,0.519,0.49,0.29600000000000004
2020-07-24,Kenya,0.574,0.392,0.395,0.302,0.319
2020-07-24,Switzerland,0.337,0.495,0.569,0.473,0.202
2020-07-24,United States,0.3993333333333333,0.4656666666666667,0.482,0.448,0.30866666666666664
2020-07-25,India,0.281,0.5529999999999999,0.557,0.633,0.172
2020-07-25,United Kingdom,0.481,0.4270000000000001,0.3720000000000001,0.368,0.31
2020-07-25,United States,0.4425,0.4575,0.4665,0.3985,0.29400000000000004
2020-07-26,United Kingdom,0.413,0.384,0.488,0.466,0.281
2020-07-26,United States,0.46599999999999997,0.4205,0.37550000000000006,0.33399999999999996,0.33799999999999997
2020-07-27,Austria,0.531,0.396,0.423,0.34600000000000003,0.34600000000000003
2020-07-27,India,0.525,0.322,0.434,0.297,0.319
2020-07-27,South Africa,0.5025000000000001,0.401,0.449,0.403,0.2585
2020-07-27,United Kingdom,0.4320000000000001,0.515,0.389,0.4,0.299
2020-07-27,United States,0.5595,0.4,0.3955,0.366,0.3905
2020-07-28,Australia,0.423,0.354,0.498,0.415,0.249
2020-07-28,Grenada,0.5920000000000001,0.237,0.246,0.251,0.398
2020-07-28,India,0.5128,0.39380000000000004,0.4236,0.3882,0.33060000000000006
2020-07-28,Kenya,0.5075000000000001,0.362,0.37950000000000006,0.4265,0.3415
2020-07-28,United States,0.437,0.44449999999999995,0.4296666666666667,0.3973333333333333,0.29483333333333334
2020-07-29,India,0.5820000000000001,0.376,0.359,0.315,0.343
2020-07-29,United Kingdom,0.279,0.541,0.639,0.517,0.13699999999999998
2020-07-29,United States,0.4698333333333333,0.44649999999999995,0.42616666666666675,0.3781666666666667,0.31166666666666665
2020-07-30,United States,0.5067499999999999,0.42499999999999993,0.43125,0.367,0.3425
2020-07-31,Fiji,0.467,0.417,0.5579999999999999,0.406,0.29600000000000004
2020-07-31,India,0.511,0.365,0.383,0.3670000000000001,0.287
2020-07-31,Philippines,0.526,0.4,0.438,0.35700000000000004,0.363
2020-07-31,United Kingdom,0.493,0.478,0.393,0.382,0.37
2020-07-31,United States,0.49,0.3841666666666667,0.3960000000000001,0.3916666666666666,0.33216666666666667
2020-08-01,United States,0.45975,0.45425000000000004,0.39737500000000003,0.398,0.30300000000000005
2020-08-02,Canada,0.59,0.429,0.334,0.311,0.491
2020-08-02,India,0.358,0.5589999999999999,0.531,0.574,0.276
2020-08-02,United Kingdom,0.384,0.6,0.536,0.467,0.187
2020-08-02,United States,0.41100000000000003,0.47400000000000003,0.48699999999999993,0.44799999999999995,0.2336666666666667
2020-08-03,Canada,0.5055000000000001,0.3325,0.36,0.3285,0.32599999999999996
2020-08-03,India,0.608,0.28300000000000003,0.297,0.339,0.413
2020-08-03,Ireland,0.462,0.499,0.528,0.488,0.275
2020-08-03,Kenya,0.415,0.424,0.324,0.398,0.18
2020-08-04,India,0.416,0.473,0.489,0.462,0.208
2020-08-04,Pakistan,0.471,0.464,0.402,0.433,0.363
2020-08-04,South Africa,0.4,0.471,0.379,0.396,0.244
2020-08-04,United Kingdom,0.386,0.576,0.5205,0.4515,0.215
2020-08-04,United States,0.4507142857142857,0.43485714285714294,0.4348571428571428,0.4251428571428571,0.263
2020-08-05,India,0.523,0.3805,0.3895,0.376,0.3095
2020-08-05,Philippines,0.523,0.333,0.341,0.384,0.34600000000000003
2020-08-05,United Kingdom,0.39649999999999996,0.47750000000000004,0.491,0.4265,0.1995
2020-08-05,United States,0.376,0.578,0.534,0.542,0.289
2020-08-06,Australia,0.342,0.589,0.5329999999999999,0.451,0.162
2020-08-06,Canada,0.46299999999999997,0.388,0.45200000000000007,0.4025,0.262
2020-08-06,Finland,0.369,0.436,0.336,0.384,0.175
2020-08-06,India,0.386,0.473,0.489,0.468,0.209
2020-08-06,Switzerland,0.435,0.419,0.493,0.401,0.273
2020-08-06,United States,0.44033333333333335,0.44422222222222224,0.42966666666666664,0.4174444444444445,0.27244444444444443
2020-08-07,Australia,0.588,0.335,0.32299999999999995,0.358,0.428
2020-08-07,India,0.5539999999999999,0.318,0.244,0.276,0.359
2020-08-07,United Kingdom,0.455,0.483,0.496,0.42,0.366
2020-08-07,United States,0.49922222222222223,0.41833333333333333,0.41999999999999993,0.38155555555555554,0.32522222222222225
2020-08-08,India,0.471,0.408,0.41,0.413,0.336
2020-08-08,Kenya,0.4525,0.437,0.42000000000000004,0.398,0.237
2020-08-08,United States,0.495,0.41,0.394,0.322,0.314
2020-08-09,Nigeria,0.471,0.37,0.378,0.382,0.325
2020-08-09,United States,0.35033333333333333,0.5466666666666667,0.5176666666666666,0.507,0.23266666666666666
2020-08-10,Australia,0.569,0.328,0.417,0.322,0.445
2020-08-10,India,0.4630000000000001,0.4146666666666667,0.4216666666666667,0.447,0.3436666666666666
2020-08-10,Japan,0.5479999999999999,0.35100000000000003,0.529,0.422,0.412
2020-08-10,South Africa,0.379,0.418,0.57,0.478,0.205
2020-08-10,United States,0.47625000000000006,0.44375000000000003,0.42050000000000004,0.4075,0.3285
2020-08-11,Canada,0.368,0.524,0.43,0.4320000000000001,0.222
2020-08-11,Nigeria,0.563,0.374,0.345,0.311,0.363
2020-08-11,United Kingdom,0.455,0.326,0.302,0.355,0.228
2020-08-11,United States,0.4645,0.41325,0.44025000000000003,0.4055,0.3085
2020-08-12,Botswana,0.399,0.477,0.575,0.429,0.19
2020-08-12,Canada,0.568,0.395,0.292,0.32,0.417
2020-08-12,United States,0.49542857142857144,0.42171428571428576,0.48271428571428565,0.4041428571428571,0.31585714285714284
2020-08-13,Indonesia,0.483,0.455,0.35,0.385,0.254
2020-08-13,Nigeria,0.605,0.35100000000000003,0.269,0.312,0.45
2020-08-13,United Kingdom,0.469,0.431,0.478,0.442,0.302
2020-08-13,United States,0.4583333333333334,0.48400000000000004,0.418,0.422,0.2753333333333333
2020-08-14,India,0.399,0.478,0.5770000000000001,0.449,0.245
2020-08-14,United States,0.4023,0.47329999999999994,0.4509,0.4295000000000001,0.2373
2020-08-15,India,0.519,0.44599999999999995,0.474,0.3915,0.352
2020-08-15,Indonesia,0.457,0.419,0.336,0.336,0.263
2020-08-15,Malaysia,0.475,0.446,0.513,0.467,0.227
2020-08-15,Switzerland,0.468,0.35600000000000004,0.458,0.382,0.304
2020-08-15,United States,0.569,0.3615,0.33925,0.33225000000000005,0.37074999999999997
2020-08-16,Cyprus,0.498,0.377,0.3720000000000001,0.38,0.32
2020-08-16,United Kingdom,0.6825000000000001,0.31100000000000005,0.2955,0.31450000000000006,0.549
2020-08-16,United States,0.4270000000000001,0.435,0.429,0.404,0.255
2020-08-17,Australia,0.484,0.41,0.377,0.405,0.304
2020-08-17,Canada,0.425,0.444,0.418,0.426,0.294
2020-08-17,Ireland,0.444,0.426,0.489,0.374,0.32299999999999995
2020-08-17,Italy,0.294,0.438,0.464,0.496,0.135
2020-08-17,United Kingdom,0.636,0.392,0.316,0.309,0.41
2020-08-17,United States,0.496,0.4723333333333333,0.38833333333333336,0.38199999999999995,0.3433333333333333
2020-08-18,Australia,0.425,0.465,0.556,0.455,0.257
2020-08-18,India,0.5449999999999999,0.4025,0.4830000000000001,0.382,0.37050000000000005
2020-08-18,Philippines,0.486,0.348,0.496,0.381,0.252
2020-08-18,United Kingdom,0.4320000000000001,0.431,0.503,0.419,0.261
2020-08-18,United States,0.48424999999999996,0.421,0.39375000000000004,0.37750000000000006,0.33399999999999996
2020-08-19,United States,0.4742,0.3902,0.4236,0.38980000000000004,0.31639999999999996
2020-08-20,India,0.463,0.476,0.5529999999999999,0.435,0.31
2020-08-20,Singapore,0.287,0.565,0.613,0.6,0.14400000000000002
2020-08-20,United States,0.5447500000000001,0.37075,0.35725,0.3415,0.37725
2020-08-21,Colombia,0.48,0.384,0.355,0.35200000000000004,0.303
2020-08-21,India,0.35200000000000004,0.5423333333333332,0.496,0.5026666666666667,0.157
2020-08-21,United States,0.44279999999999997,0.4122,0.4464,0.4154,0.2754
2020-08-22,South Africa,0.309,0.616,0.453,0.527,0.142
2020-08-22,United Kingdom,0.409,0.45,0.406,0.384,0.251
2020-08-22,United States,0.4703333333333333,0.4443333333333333,0.48933333333333334,0.42700000000000005,0.282
2020-08-23,Australia,0.57,0.375,0.312,0.39,0.472
2020-08-23,Singapore,0.35100000000000003,0.512,0.613,0.536,0.275
2020-08-23,United Kingdom,0.39649999999999996,0.4725,0.4465,0.42000000000000004,0.2405
2020-08-24,Canada,0.28,0.5529999999999999,0.557,0.606,0.18600000000000005
2020-08-24,Pakistan,0.443,0.422,0.459,0.422,0.345
2020-08-24,South Africa,0.413,0.495,0.453,0.476,0.293
2020-08-24,United States,0.41800000000000004,0.4435,0.48850000000000005,0.42600000000000005,0.257
2020-08-25,India,0.474,0.398,0.431,0.384,0.326
2020-08-25,Lebanon,0.495,0.395,0.37,0.373,0.298
2020-08-25,United Kingdom,0.374,0.46699999999999997,0.5565,0.5265,0.20750000000000002
2020-08-25,United States,0.45099999999999996,0.43100000000000005,0.46099999999999997,0.37550000000000006,0.29
2020-08-26,Australia,0.685,0.35,0.3,0.289,0.518
2020-08-26,Canada,0.355,0.525,0.489,0.46299999999999997,0.2215
2020-08-26,Nepal,0.555,0.324,0.456,0.408,0.431
2020-08-26,Philippines,0.434,0.446,0.508,0.457,0.267
2020-08-26,United States,0.573,0.377,0.419,0.393,0.34099999999999997
2020-08-27,United Arab Emirates,0.5329999999999999,0.353,0.4270000000000001,0.35100000000000003,0.41
2020-08-27,United States,0.48650000000000004,0.434,0.397,0.387,0.353
2020-08-28,Belgium,0.525,0.338,0.363,0.297,0.306
2020-08-28,India,0.5,0.505,0.404,0.47,0.349
2020-08-28,Ireland,0.473,0.382,0.326,0.36,0.371
2020-08-28,United Kingdom,0.43,0.449,0.5760000000000001,0.5,0.273
2020-08-28,United States,0.43220000000000003,0.4572,0.4774,0.44160000000000005,0.2618
2020-08-29,United States,0.4144285714285715,0.47200000000000003,0.48742857142857143,0.463,0.2454285714285714
2020-08-30,Canada,0.3695,0.5075000000000001,0.5175000000000001,0.49349999999999994,0.245
2020-08-30,Honduras,0.322,0.518,0.627,0.574,0.173
2020-08-30,Singapore,0.546,0.336,0.456,0.38,0.359
2020-08-30,United States,0.42899999999999994,0.476,0.48225,0.46525000000000005,0.30925
2020-08-31,Ireland,0.383,0.495,0.444,0.395,0.226
2020-08-31,United States,0.4236666666666667,0.4423333333333333,0.4163333333333334,0.42300000000000004,0.25933333333333336
2020-09-01,Canada,0.563,0.391,0.386,0.383,0.332
2020-09-01,India,0.383,0.49,0.4320000000000001,0.451,0.181
2020-09-01,Ireland,0.386,0.488,0.494,0.464,0.214
2020-09-01,Japan,0.57,0.405,0.358,0.322,0.457
2020-09-01,United Kingdom,0.5539999999999999,0.383,0.475,0.305,0.411
2020-09-01,United States,0.45577777777777784,0.4494444444444443,0.4321111111111111,0.4186666666666667,0.29455555555555557
2020-09-02,Canada,0.298,0.583,0.622,0.601,0.16699999999999998
2020-09-02,New Zealand,0.4,0.445,0.457,0.401,0.279
2020-09-02,United Kingdom,0.546,0.36350000000000005,0.35550000000000004,0.338,0.37750000000000006
2020-09-02,United States,0.398,0.5045000000000001,0.4625,0.4435,0.2715
2020-09-03,Australia,0.342,0.491,0.401,0.484,0.175
2020-09-03,Ireland,0.464,0.416,0.355,0.305,0.34
2020-09-03,Nigeria,0.402,0.459,0.481,0.476,0.217
2020-09-03,United States,0.45483333333333337,0.45116666666666666,0.4491666666666667,0.42616666666666675,0.3013333333333333
2020-09-04,United Kingdom,0.44899999999999995,0.43699999999999994,0.46775,0.43825000000000003,0.274
2020-09-04,United States,0.5235999999999998,0.37520000000000003,0.38100000000000006,0.3622,0.3686
2020-09-05,United Kingdom,0.517,0.35,0.386,0.358,0.39899999999999997
2020-09-05,United States,0.53025,0.35600000000000004,0.4285,0.36050000000000004,0.36424999999999996
2020-09-06,Australia,0.384,0.431,0.523,0.529,0.206
2020-09-06,Ireland,0.557,0.384,0.33,0.307,0.394
2020-09-06,Philippines,0.423,0.419,0.481,0.447,0.218
2020-09-06,United States,0.361,0.51,0.526,0.417,0.242
2020-09-07,Canada,0.448,0.446,0.381,0.371,0.317
2020-09-07,Portugal,0.478,0.278,0.298,0.318,0.287
2020-09-07,United Kingdom,0.3670000000000001,0.496,0.457,0.445,0.203
2020-09-07,United States,0.34299999999999997,0.577,0.5295,0.501,0.2415
2020-09-08,Canada,0.415,0.489,0.481,0.468,0.218
2020-09-08,Ghana,0.474,0.408,0.442,0.36,0.31
2020-09-08,Pakistan,0.392,0.518,0.6,0.503,0.29
2020-09-08,Switzerland,0.313,0.5429999999999999,0.568,0.564,0.219
2020-09-08,United Kingdom,0.5563333333333333,0.35733333333333334,0.3933333333333333,0.3496666666666666,0.35400000000000004
2020-09-08,United States,0.5489999999999999,0.368,0.378,0.383,0.392
2020-09-09,South Africa,0.411,0.475,0.413,0.443,0.263
2020-09-09,United Kingdom,0.5005000000000001,0.395,0.38949999999999996,0.4165,0.354
2020-09-09,United States,0.4824,0.4152,0.45359999999999995,0.394,0.315
2020-09-10,Australia,0.585,0.322,0.302,0.274,0.443
2020-09-10,India,0.46799999999999997,0.433,0.4555,0.393,0.3145
2020-09-10,United Kingdom,0.6409999999999999,0.3670000000000001,0.364,0.399,0.528
2020-09-10,United States,0.5284285714285715,0.4077142857142858,0.37471428571428567,0.3737142857142857,0.3687142857142857
2020-09-11,China,0.461,0.457,0.502,0.438,0.245
2020-09-11,South Africa,0.5820000000000001,0.273,0.159,0.299,0.481
2020-09-11,United Kingdom,0.5,0.4370000000000001,0.414,0.365,0.335
2020-09-11,United States,0.39699999999999996,0.5117142857142857,0.4787142857142857,0.4564285714285714,0.2352857142857143
2020-09-12,Canada,0.45,0.461,0.535,0.457,0.29
2020-09-12,India,0.503,0.446,0.41,0.371,0.359
2020-09-12,United States,0.4565,0.40549999999999997,0.47200000000000003,0.40349999999999997,0.28700000000000003
2020-09-14,Netherlands,0.486,0.472,0.413,0.37,0.302
2020-09-14,United Kingdom,0.4115,0.47400000000000003,0.4215,0.40149999999999997,0.247
2020-09-14,United States,0.43500000000000005,0.45600000000000007,0.499,0.4995,0.307
2020-09-15,United Kingdom,0.37849999999999995,0.5549999999999999,0.469,0.47850000000000004,0.235
2020-09-15,United States,0.44300000000000006,0.5095,0.35350000000000004,0.4305,0.3015
2020-09-16,Australia,0.6709999999999999,0.34600000000000003,0.325,0.281,0.494
2020-09-16,India,0.47,0.371,0.326,0.312,0.298
2020-09-16,Uganda,0.573,0.307,0.349,0.41,0.3670000000000001
2020-09-16,United States,0.46080000000000004,0.4354,0.4718000000000001,0.41500000000000004,0.28200000000000003
2020-09-17,India,0.35,0.57,0.59,0.569,0.234
2020-09-17,United States,0.46719999999999995,0.41740000000000005,0.382,0.3962,0.29680000000000006
2020-09-18,Australia,0.436,0.4920000000000001,0.514,0.361,0.269
2020-09-18,Canada,0.608,0.366,0.263,0.282,0.489
2020-09-18,Pakistan,0.412,0.458,0.585,0.443,0.315
2020-09-18,United Kingdom,0.34700000000000003,0.46,0.514,0.524,0.185
2020-09-18,United States,0.4365,0.467,0.49275,0.4505,0.28575
2020-09-19,Canada,0.556,0.31,0.316,0.324,0.37
2020-09-19,Denmark,0.29100000000000004,0.503,0.478,0.4920000000000001,0.21
2020-09-19,Malaysia,0.555,0.246,0.304,0.35600000000000004,0.4370000000000001
2020-09-19,United Kingdom,0.496,0.362,0.34,0.325,0.419
2020-09-19,United States,0.4455,0.4555,0.405,0.42400000000000004,0.2535
2020-09-20,India,0.5065000000000001,0.38200000000000006,0.5325,0.4425,0.3045
2020-09-20,Norway,0.501,0.407,0.365,0.361,0.305
2020-09-20,Switzerland,0.415,0.472,0.5329999999999999,0.461,0.227
2020-09-20,United Kingdom,0.331,0.544,0.5145,0.476,0.13599999999999998
2020-09-20,United States,0.439,0.469,0.466,0.445,0.266
2020-09-21,Australia,0.502,0.441,0.414,0.392,0.236
2020-09-21,Canada,0.515,0.386,0.41,0.312,0.361
2020-09-21,United Kingdom,0.579,0.35200000000000004,0.325,0.273,0.3720000000000001
2020-09-22,Canada,0.44,0.442,0.455,0.4270000000000001,0.227
2020-09-22,Ireland,0.507,0.402,0.439,0.359,0.292
2020-09-22,Pakistan,0.303,0.5579999999999999,0.521,0.478,0.218
2020-09-22,United Kingdom,0.43339999999999995,0.48200000000000004,0.44819999999999993,0.4164,0.2834
2020-09-22,United States,0.51125,0.37975000000000003,0.4315,0.3755,0.36175
2020-09-23,Australia,0.407,0.412,0.501,0.419,0.22
2020-09-23,Israel,0.407,0.385,0.41,0.4320000000000001,0.221
2020-09-23,Philippines,0.371,0.4920000000000001,0.42,0.459,0.235
2020-09-23,South Africa,0.402,0.527,0.57,0.512,0.162
2020-09-23,United Kingdom,0.609,0.301,0.28300000000000003,0.287,0.44
2020-09-23,United States,0.47100000000000003,0.44049999999999995,0.4555,0.4463333333333333,0.33266666666666667
2020-09-24,India,0.409,0.485,0.503,0.471,0.174
2020-09-24,United Kingdom,0.442,0.46099999999999997,0.441,0.4245,0.245
2020-09-24,United States,0.384,0.516,0.5,0.44,0.19
2020-09-25,Netherlands,0.435,0.507,0.542,0.46,0.32
2020-09-25,Nigeria,0.561,0.3,0.377,0.343,0.32299999999999995
2020-09-25,South Africa,0.35600000000000004,0.556,0.4,0.423,0.198
2020-09-25,United States,0.5026666666666666,0.38866666666666666,0.43166666666666664,0.399,0.34700000000000003
2020-09-26,United Kingdom,0.4155,0.5225,0.506,0.438,0.2535
2020-09-26,United States,0.364,0.409,0.345,0.4320000000000001,0.128
2020-09-27,Australia,0.418,0.467,0.442,0.43,0.3
2020-09-27,India,0.3715,0.478,0.536,0.49450000000000005,0.2025
2020-09-27,Switzerland,0.58,0.35200000000000004,0.39,0.35700000000000004,0.375
2020-09-27,United States,0.56,0.318,0.28,0.298,0.406
2020-09-28,Georgia,0.457,0.53,0.578,0.498,0.328
2020-09-28,Jamaica,0.349,0.596,0.5329999999999999,0.496,0.223
2020-09-28,United Kingdom,0.369,0.403,0.584,0.488,0.191
2020-09-28,United States,0.321,0.586,0.611,0.505,0.172
2020-09-29,India,0.5175,0.36,0.38949999999999996,0.4,0.281
2020-09-29,United Kingdom,0.436,0.495,0.5710000000000001,0.487,0.28800000000000003
2020-09-29,United States,0.4686666666666666,0.4043333333333334,0.3973333333333333,0.36766666666666664,0.285
2020-09-30,Canada,0.252,0.5720000000000001,0.502,0.591,0.125
2020-09-30,Malaysia,0.315,0.521,0.397,0.447,0.17800000000000002
2020-09-30,South Africa,0.33,0.574,0.579,0.513,0.189
2020-09-30,United Kingdom,0.366,0.496,0.476,0.453,0.188
2020-09-30,United States,0.37833333333333335,0.5086666666666667,0.4526666666666667,0.455,0.21266666666666667
2020-10-01,Australia,0.5489999999999999,0.31,0.344,0.317,0.339
2020-10-01,Canada,0.48,0.39649999999999996,0.396,0.41800000000000004,0.314
2020-10-01,Denmark,0.384,0.595,0.5870000000000001,0.526,0.34
2020-10-01,Israel,0.379,0.583,0.588,0.529,0.245
2020-10-01,United Arab Emirates,0.5589999999999999,0.293,0.374,0.337,0.308
2020-10-01,United Kingdom,0.4655,0.48124999999999996,0.42375,0.41324999999999995,0.298
2020-10-01,United States,0.5015000000000001,0.4285,0.485,0.4545,0.34750000000000003
2020-10-02,Antarctica,0.413,0.451,0.384,0.405,0.282
2020-10-02,Australia,0.526,0.39,0.363,0.315,0.349
2020-10-02,Canada,0.4955,0.4515,0.40700000000000003,0.37,0.3765
2020-10-02,Georgia,0.436,0.446,0.418,0.412,0.393
2020-10-02,Malaysia,0.503,0.447,0.341,0.306,0.461
2020-10-02,Uganda,0.391,0.494,0.573,0.431,0.24
2020-10-02,United Kingdom,0.49783333333333335,0.4088333333333334,0.416,0.3761666666666667,0.3526666666666667
2020-10-02,United States,0.45749999999999996,0.42174999999999996,0.39925,0.37725,0.27475
2020-10-03,Trinidad and Tobago,0.489,0.401,0.47,0.467,0.31
2020-10-03,United States,0.43657142857142867,0.4685714285714285,0.43857142857142856,0.4335714285714286,0.27685714285714286
2020-10-04,Canada,0.267,0.7020000000000001,0.472,0.504,0.172
2020-10-04,United States,0.48857142857142855,0.476,0.43628571428571433,0.4297142857142857,0.3082857142857143
2020-10-05,Canada,0.3855,0.47250000000000003,0.48650000000000004,0.48050000000000004,0.251
2020-10-05,India,0.478,0.3670000000000001,0.332,0.387,0.317
2020-10-05,New Zealand,0.44,0.407,0.468,0.453,0.264
2020-10-05,United Kingdom,0.34650000000000003,0.42750000000000005,0.495,0.44499999999999995,0.183
2020-10-05,United States,0.4284444444444444,0.4315555555555555,0.40044444444444444,0.41011111111111115,0.26611111111111113
2020-10-06,Norway,0.398,0.42,0.415,0.462,0.213
2020-10-06,United Kingdom,0.327,0.518,0.552,0.49,0.198
2020-10-06,United States,0.37883333333333336,0.5111666666666667,0.4670833333333333,0.44941666666666674,0.24275
2020-10-07,Canada,0.522,0.34600000000000003,0.394,0.35700000000000004,0.37
2020-10-07,Kenya,0.496,0.331,0.4320000000000001,0.365,0.28600000000000003
2020-10-07,Netherlands,0.398,0.449,0.5529999999999999,0.481,0.194
2020-10-07,United States,0.52875,0.399,0.3555,0.338,0.367
2020-10-08,Canada,0.4370000000000001,0.453,0.401,0.4,0.235
2020-10-08,Italy,0.426,0.5329999999999999,0.488,0.473,0.294
2020-10-08,United Kingdom,0.506,0.4365,0.4115,0.374,0.36050000000000004
2020-10-08,United States,0.42040000000000005,0.4728,0.43019999999999997,0.42160000000000003,0.2676
2020-10-09,United Kingdom,0.4744999999999999,0.369,0.3435,0.324,0.3045
2020-10-09,United States,0.4315,0.47524999999999995,0.41475,0.3985,0.28025
2020-10-10,Australia,0.501,0.376,0.35,0.344,0.324
2020-10-10,India,0.506,0.35200000000000004,0.36,0.382,0.246
2020-10-10,United Kingdom,0.398,0.456,0.448,0.462,0.259
2020-10-10,United States,0.44925,0.42074999999999996,0.44975,0.42075,0.28075
2020-10-11,India,0.39,0.441,0.479,0.47,0.253
2020-10-11,Nigeria,0.544,0.29600000000000004,0.394,0.34700000000000003,0.334
2020-10-11,United States,0.4665,0.42625,0.4235,0.40825,0.308
2020-10-12,India,0.489,0.518,0.378,0.494,0.315
2020-10-12,South Korea,0.423,0.411,0.4320000000000001,0.349,0.162
2020-10-12,United Kingdom,0.5379999999999999,0.395,0.375,0.344,0.312
2020-10-12,United States,0.598,0.293,0.28833333333333333,0.26799999999999996,0.42366666666666664
2020-10-13,Canada,0.605,0.328,0.306,0.287,0.378
2020-10-13,United Kingdom,0.47800000000000004,0.38066666666666665,0.36599999999999994,0.39333333333333337,0.27099999999999996
2020-10-13,United States,0.42560000000000003,0.4516,0.4758,0.4436,0.2752
2020-10-14,Netherlands,0.552,0.35100000000000003,0.422,0.396,0.413
2020-10-14,United Kingdom,0.40349999999999997,0.46799999999999997,0.535,0.44099999999999995,0.224
2020-10-14,United States,0.48300000000000004,0.4037142857142858,0.40700000000000003,0.38100000000000006,0.3078571428571429
2020-10-15,Ireland,0.487,0.499,0.493,0.42,0.299
2020-10-15,United States,0.4406666666666666,0.4475,0.43333333333333335,0.4143333333333333,0.27366666666666667
2020-10-16,Canada,0.281,0.52,0.613,0.534,0.108
2020-10-16,India,0.5589999999999999,0.377,0.32299999999999995,0.35100000000000003,0.442
2020-10-16,Nigeria,0.453,0.451,0.434,0.414,0.315
2020-10-16,United States,0.424,0.4746666666666666,0.42,0.42533333333333334,0.2816666666666667
2020-10-17,Kenya,0.541,0.387,0.28800000000000003,0.312,0.345
2020-10-17,Philippines,0.405,0.442,0.407,0.366,0.331
2020-10-17,United States,0.5215000000000001,0.378,0.366,0.349,0.376
2020-10-18,New Zealand,0.529,0.399,0.382,0.35200000000000004,0.345
2020-10-19,Australia,0.439,0.495,0.386,0.386,0.263
2020-10-19,United Kingdom,0.409,0.469,0.401,0.404,0.293
2020-10-20,Canada,0.5670000000000001,0.293,0.21600000000000005,0.3,0.46
2020-10-20,Greece,0.447,0.414,0.374,0.378,0.256
2020-10-20,Ireland,0.425,0.489,0.449,0.42,0.314
2020-10-20,United Kingdom,0.464,0.439,0.428,0.374,0.313
2020-10-20,United States,0.57,0.365,0.326,0.275,0.413
2020-10-21,Ireland,0.382,0.5,0.539,0.529,0.222
2020-10-22,Bangladesh,0.355,0.544,0.5670000000000001,0.521,0.209
2020-10-22,Nigeria,0.435,0.5379999999999999,0.448,0.44,0.256
2020-10-22,United Kingdom,0.35800000000000004,0.5603333333333332,0.4796666666666667,0.4423333333333333,0.23099999999999998
2020-10-22,United States,0.5589999999999999,0.33499999999999996,0.3905,0.3735,0.398
2020-10-23,India,0.4,0.499,0.57,0.454,0.268
2020-10-23,United States,0.572,0.37075,0.34550000000000003,0.36975,0.3875
2020-10-24,Australia,0.41,0.474,0.529,0.46,0.277
2020-10-24,Canada,0.45,0.506,0.468,0.46,0.284
2020-10-24,United Kingdom,0.4970000000000001,0.487,0.375,0.479,0.337
2020-10-24,United States,0.39666666666666667,0.49466666666666664,0.44733333333333336,0.4056666666666667,0.2353333333333333
2020-10-25,Croatia,0.5489999999999999,0.35200000000000004,0.453,0.341,0.397
2020-10-25,United Kingdom,0.313,0.426,0.5379999999999999,0.452,0.115
2020-10-25,United States,0.3905,0.41700000000000004,0.51,0.44199999999999995,0.22399999999999998
2020-10-26,Belgium,0.359,0.5379999999999999,0.6990000000000001,0.494,0.187
2020-10-26,United Kingdom,0.6165,0.311,0.3045,0.256,0.439
2020-10-26,United States,0.5054000000000001,0.39899999999999997,0.37440000000000007,0.3708,0.3292
2020-10-27,United Kingdom,0.49750000000000005,0.4525,0.3815,0.38750000000000007,0.3215
2020-10-27,United States,0.522,0.4022,0.4042,0.398,0.36900000000000005
2020-10-28,Australia,0.4535,0.4275,0.39549999999999996,0.41200000000000003,0.325
2020-10-28,Canada,0.483,0.412,0.552,0.387,0.309
2020-10-28,Netherlands,0.461,0.445,0.402,0.37,0.304
2020-10-28,Pakistan,0.544,0.303,0.278,0.268,0.36
2020-10-28,United States,0.44639999999999996,0.44460000000000005,0.42939999999999995,0.3978,0.28959999999999997
2020-10-29,United Kingdom,0.34966666666666674,0.5373333333333333,0.5139999999999999,0.5046666666666667,0.2116666666666667
2020-10-29,United States,0.39249999999999996,0.515,0.47750000000000004,0.46499999999999997,0.2605
2020-10-30,Australia,0.585,0.384,0.326,0.373,0.409
2020-10-30,Canada,0.507,0.401,0.393,0.408,0.34600000000000003
2020-10-30,India,0.451,0.483,0.494,0.431,0.28
2020-10-30,Ireland,0.541,0.393,0.336,0.335,0.377
2020-10-30,Netherlands,0.5529999999999999,0.304,0.362,0.383,0.32
2020-10-30,South Africa,0.46,0.391,0.377,0.406,0.366
2020-10-30,United Kingdom,0.47325,0.47875,0.422,0.392,0.311
2020-10-30,United States,0.588,0.371,0.413,0.35200000000000004,0.494
2020-10-31,Australia,0.402,0.421,0.484,0.421,0.226
2020-10-31,United States,0.4718,0.42939999999999995,0.402,0.40359999999999996,0.2892
2020-11-01,Australia,0.469,0.453,0.513,0.428,0.264
2020-11-01,Canada,0.4315,0.5325,0.41500000000000004,0.403,0.2615
2020-11-01,United Kingdom,0.479,0.47,0.378,0.401,0.306
2020-11-01,United States,0.41375,0.48150000000000004,0.51325,0.47400000000000003,0.27175
2020-11-02,India,0.375,0.55,0.581,0.5329999999999999,0.17
2020-11-02,Switzerland,0.486,0.4,0.414,0.354,0.358
2020-11-02,United Arab Emirates,0.512,0.412,0.445,0.365,0.35
2020-11-02,United States,0.516,0.398,0.458,0.3670000000000001,0.355
2020-11-02,Venezuela,0.468,0.441,0.488,0.469,0.28
2020-11-03,United Kingdom,0.547,0.43,0.4970000000000001,0.454,0.462
2020-11-03,United States,0.5116,0.42279999999999995,0.4255999999999999,0.39,0.36260000000000003
2020-11-04,Germany,0.326,0.545,0.517,0.494,0.258
2020-11-04,South Korea,0.43,0.509,0.44,0.469,0.335
2020-11-04,United Kingdom,0.34850000000000003,0.5065,0.47150000000000003,0.482,0.161
2020-11-04,United States,0.4513999999999999,0.4702,0.45600000000000007,0.41859999999999997,0.32
2020-11-05,Canada,0.518,0.405,0.373,0.349,0.383
2020-11-05,South Africa,0.39,0.439,0.39,0.421,0.11
2020-11-05,United States,0.46225,0.44175,0.403,0.40750000000000003,0.27575
2020-11-06,India,0.6509999999999999,0.316,0.299,0.311,0.511
2020-11-06,Ireland,0.521,0.438,0.392,0.383,0.337
2020-11-06,Japan,0.479,0.447,0.516,0.398,0.3
2020-11-06,Philippines,0.53,0.377,0.467,0.3670000000000001,0.284
2020-11-06,Sweden,0.453,0.452,0.493,0.444,0.238
2020-11-06,United Kingdom,0.5820000000000001,0.3420000000000001,0.33899999999999997,0.35750000000000004,0.4265
2020-11-06,United States,0.4905714285714286,0.4268571428571429,0.4084285714285714,0.3851428571428571,0.33442857142857146
2020-11-07,United Kingdom,0.421,0.501,0.44,0.371,0.235
2020-11-07,United States,0.5195000000000001,0.34099999999999997,0.35450000000000004,0.3385,0.351
2020-11-08,United Kingdom,0.481,0.479,0.388,0.355,0.337
2020-11-08,United States,0.46075,0.4398333333333333,0.39733333333333337,0.41983333333333334,0.3326666666666667
2020-11-09,India,0.428,0.467,0.413,0.433,0.258
2020-11-09,Uganda,0.483,0.46,0.421,0.428,0.282
2020-11-09,United States,0.5094000000000001,0.4202,0.3846,0.3902,0.3274
2020-11-10,Canada,0.309,0.52,0.512,0.54,0.192
2020-11-10,India,0.517,0.359,0.28,0.293,0.294
2020-11-10,Sri Lanka,0.35200000000000004,0.506,0.625,0.562,0.153
2020-11-10,United Kingdom,0.306,0.6759999999999999,0.4970000000000001,0.568,0.24
2020-11-10,United States,0.49474999999999997,0.41100000000000003,0.43350000000000005,0.393,0.34775
2020-11-11,Australia,0.737,0.268,0.321,0.295,0.57
2020-11-11,Canada,0.35,0.489,0.618,0.458,0.253
2020-11-11,Kenya,0.43,0.408,0.409,0.394,0.204
2020-11-11,Namibia,0.532,0.344,0.459,0.394,0.3720000000000001
2020-11-11,Thailand,0.46,0.459,0.488,0.378,0.314
2020-11-11,United Kingdom,0.396,0.459,0.568,0.486,0.295
2020-11-11,United States,0.4808,0.41400000000000003,0.3942,0.384,0.3044
2020-11-11,Venezuela,0.574,0.334,0.406,0.337,0.339
2020-11-12,Brazil,0.5379999999999999,0.363,0.28600000000000003,0.336,0.368
2020-11-12,United Kingdom,0.5825,0.388,0.365,0.3725,0.431
2020-11-12,United States,0.42250000000000004,0.46699999999999997,0.4495,0.46499999999999997,0.2595
2020-11-13,India,0.381,0.518,0.481,0.45,0.23
2020-11-13,United Kingdom,0.5215,0.41700000000000004,0.45250000000000007,0.3915,0.396
2020-11-13,United States,0.44237499999999996,0.460375,0.440125,0.42875,0.317375
2020-11-14,Australia,0.46,0.387,0.428,0.38,0.28600000000000003
2020-11-14,Italy,0.46549999999999997,0.402,0.4,0.38449999999999995,0.2825
2020-11-14,United Kingdom,0.55,0.349,0.347,0.3085,0.407
2020-11-14,United States,0.456375,0.44937499999999997,0.42899999999999994,0.393,0.30175
2020-11-15,Mexico,0.5589999999999999,0.349,0.378,0.343,0.298
2020-11-15,United States,0.39825,0.4715,0.508,0.55325,0.306
2020-11-16,United States,0.469,0.4492,0.4614000000000001,0.4372,0.3366
2020-11-17,United States,0.437,0.463,0.45,0.44766666666666666,0.2763333333333334
2020-11-18,Canada,0.449,0.391,0.443,0.399,0.315
2020-11-18,Gambia,0.537,0.408,0.408,0.312,0.377
2020-11-18,South Africa,0.426,0.445,0.474,0.4370000000000001,0.243
2020-11-18,United States,0.412,0.55,0.445,0.394,0.248
2020-11-19,Brazil,0.465,0.4370000000000001,0.355,0.308,0.4
2020-11-19,India,0.32299999999999995,0.618,0.487,0.574,0.234
2020-11-19,South Africa,0.509,0.424,0.305,0.3670000000000001,0.362
2020-11-19,Uganda,0.486,0.447,0.459,0.37,0.26
2020-11-19,United States,0.44157142857142856,0.4391428571428571,0.44,0.42528571428571427,0.31199999999999994
2020-11-20,Australia,0.318,0.494,0.631,0.628,0.166
2020-11-20,Canada,0.574,0.364,0.333,0.301,0.467
2020-11-20,Kenya,0.5770000000000001,0.312,0.35600000000000004,0.306,0.404
2020-11-20,Nigeria,0.408,0.496,0.433,0.401,0.243
2020-11-20,Pakistan,0.422,0.434,0.591,0.419,0.235
2020-11-20,United Kingdom,0.5255,0.4145,0.352,0.3705,0.395
2020-11-20,United States,0.408125,0.48687499999999995,0.463875,0.461125,0.259625
2020-11-21,India,0.526,0.343,0.4,0.32299999999999995,0.329
2020-11-21,United Kingdom,0.454,0.467,0.5579999999999999,0.4920000000000001,0.272
2020-11-21,United States,0.46299999999999997,0.4351428571428572,0.42699999999999994,0.416,0.28914285714285715
2020-11-22,Denmark,0.375,0.517,0.419,0.446,0.231
2020-11-22,Italy,0.507,0.396,0.498,0.433,0.362
2020-11-22,United Kingdom,0.461,0.443,0.46,0.39,0.259
2020-11-22,United States,0.434,0.48566666666666664,0.4076666666666666,0.4186666666666667,0.25366666666666665
2020-11-23,Georgia,0.58,0.358,0.373,0.29600000000000004,0.386
2020-11-23,Ireland,0.455,0.428,0.512,0.338,0.225
2020-11-23,Israel,0.306,0.5589999999999999,0.486,0.5379999999999999,0.195
2020-11-23,United Kingdom,0.37733333333333335,0.5423333333333334,0.45599999999999996,0.4746666666666666,0.25133333333333335
2020-11-23,United States,0.52075,0.38975,0.41200000000000003,0.35575,0.36575
2020-11-24,Australia,0.381,0.498,0.527,0.426,0.244
2020-11-24,United Kingdom,0.476,0.441,0.4655,0.44300000000000006,0.29200000000000004
2020-11-24,United States,0.4585714285714286,0.44785714285714284,0.43157142857142855,0.40871428571428575,0.31442857142857145
2020-11-25,Australia,0.565,0.44,0.348,0.318,0.396
2020-11-25,Canada,0.51,0.4320000000000001,0.318,0.361,0.342
2020-11-25,India,0.3670000000000001,0.552,0.475,0.463,0.175
2020-11-25,Serbia,0.428,0.404,0.457,0.439,0.232
2020-11-25,United States,0.43014285714285716,0.45442857142857146,0.469,0.4272857142857142,0.2958571428571429
2020-11-26,Argentina,0.386,0.369,0.343,0.395,0.234
2020-11-26,Canada,0.506,0.4085,0.348,0.3205,0.3375
2020-11-26,Kenya,0.39,0.447,0.373,0.441,0.242
2020-11-26,United Kingdom,0.4630000000000001,0.4436,0.4454000000000001,0.4547999999999999,0.34619999999999995
2020-11-26,United States,0.457,0.5233333333333334,0.4793333333333334,0.4406666666666667,0.3283333333333333
2020-11-27,Australia,0.456,0.493,0.511,0.5,0.275
2020-11-27,India,0.499,0.396,0.28600000000000003,0.321,0.358
2020-11-27,United States,0.5219999999999999,0.39733333333333337,0.389,0.38433333333333336,0.3471666666666666
2020-11-28,Canada,0.311,0.494,0.581,0.564,0.228
2020-11-28,United Kingdom,0.493,0.488,0.43,0.413,0.381
2020-11-28,United States,0.424,0.5870000000000001,0.43,0.515,0.336
2020-11-29,Canada,0.4503333333333334,0.46466666666666673,0.446,0.4143333333333333,0.3223333333333333
2020-11-29,Nigeria,0.515,0.428,0.476,0.43,0.382
2020-11-29,United States,0.496,0.386,0.418,0.393,0.353
2020-11-30,Malaysia,0.631,0.311,0.408,0.31,0.434
2020-11-30,United States,0.48866666666666675,0.429,0.42,0.4026666666666667,0.33966666666666673
2020-12-01,Australia,0.48450000000000004,0.431,0.3785,0.371,0.35250000000000004
2020-12-01,Canada,0.636,0.365,0.281,0.303,0.436
2020-12-01,France,0.42,0.445,0.498,0.446,0.249
2020-12-01,India,0.523,0.3670000000000001,0.386,0.32,0.376
2020-12-01,United States,0.42274999999999996,0.4625,0.44775,0.428,0.25775000000000003
2020-12-02,United States,0.4770000000000001,0.4595,0.41783333333333333,0.40149999999999997,0.32549999999999996
2020-12-03,Australia,0.508,0.385,0.4370000000000001,0.333,0.344
2020-12-03,Denmark,0.269,0.563,0.5579999999999999,0.6409999999999999,0.14
2020-12-03,United Kingdom,0.4266666666666667,0.47100000000000003,0.44799999999999995,0.45166666666666666,0.31366666666666665
2020-12-03,United States,0.4678571428571429,0.4351428571428571,0.4335714285714286,0.4121428571428572,0.33814285714285713
2020-12-04,India,0.625,0.354,0.443,0.385,0.362
2020-12-04,South Africa,0.451,0.342,0.4370000000000001,0.493,0.3
2020-12-04,United Kingdom,0.473,0.4764999999999999,0.449,0.4445,0.307
2020-12-04,United States,0.407,0.509,0.44525,0.46825,0.2755
2020-12-05,Austria,0.516,0.35700000000000004,0.273,0.333,0.403
2020-12-05,United Kingdom,0.6065,0.39349999999999996,0.3375,0.318,0.47250000000000003
2020-12-05,United States,0.4142,0.44420000000000004,0.5502,0.4758,0.2626
2020-12-06,Australia,0.544,0.335,0.333,0.358,0.386
2020-12-06,United Kingdom,0.525,0.408,0.406,0.385,0.389
2020-12-06,United States,0.46425,0.443,0.392,0.405,0.3025
2020-12-07,Canada,0.489,0.429,0.387,0.333,0.318
2020-12-07,United Kingdom,0.457,0.463,0.431,0.439,0.348
2020-12-07,United States,0.49119999999999997,0.39980000000000004,0.4364,0.39080000000000004,0.32480000000000003
2020-12-08,United Kingdom,0.4685,0.4215,0.46799999999999997,0.418,0.306
2020-12-08,United States,0.4855,0.42325,0.42324999999999996,0.37750000000000006,0.329
2020-12-09,Australia,0.62,0.371,0.449,0.336,0.486
2020-12-09,Netherlands,0.387,0.486,0.464,0.464,0.297
2020-12-09,United States,0.496,0.368,0.437,0.343,0.275
2020-12-10,Canada,0.3575,0.4985,0.516,0.46599999999999997,0.1995
2020-12-10,India,0.522,0.36,0.45,0.35700000000000004,0.35600000000000004
2020-12-10,Ireland,0.496,0.385,0.463,0.441,0.34700000000000003
2020-12-10,United States,0.43828571428571433,0.46171428571428574,0.4501428571428571,0.4321428571428572,0.23371428571428574
2020-12-11,Australia,0.503,0.469,0.43,0.371,0.292
2020-12-11,Germany,0.225,0.5870000000000001,0.809,0.741,0.17800000000000002
2020-12-11,Japan,0.536,0.369,0.383,0.31,0.293
2020-12-11,Kenya,0.45,0.442,0.418,0.428,0.267
2020-12-11,Romania,0.527,0.35700000000000004,0.317,0.366,0.378
2020-12-11,United Kingdom,0.508,0.404,0.444,0.376,0.311
2020-12-11,United States,0.49939999999999996,0.42519999999999997,0.3794,0.41479999999999995,0.34700000000000003
2020-12-11,Venezuela,0.48,0.45,0.476,0.401,0.309
2020-12-12,Australia,0.496,0.328,0.463,0.36,0.252
2020-12-12,Portugal,0.398,0.462,0.32,0.514,0.217
2020-12-12,United States,0.39066666666666666,0.45566666666666666,0.5599999999999999,0.4663333333333333,0.215
2020-12-13,United States,0.495,0.332,0.452,0.379,0.275
2020-12-14,Canada,0.584,0.392,0.459,0.3670000000000001,0.366
2020-12-15,United Kingdom,0.4386666666666667,0.457,0.47400000000000003,0.43766666666666665,0.26266666666666666
2020-12-15,United States,0.547,0.38,0.302,0.321,0.414
2020-12-16,United States,0.4179999999999999,0.4385,0.483,0.4495,0.2995
2020-12-17,Canada,0.451,0.445,0.393,0.382,0.279
2020-12-17,India,0.462,0.381,0.405,0.363,0.261
2020-12-17,Japan,0.47,0.386,0.441,0.386,0.266
2020-12-17,United Kingdom,0.5,0.41933333333333334,0.3496666666666666,0.3666666666666667,0.39866666666666667
2020-12-17,United States,0.484,0.394,0.41450000000000004,0.39399999999999996,0.33925
2020-12-17,Zambia,0.521,0.379,0.334,0.354,0.394
2020-12-18,United Kingdom,0.519,0.4366666666666667,0.443,0.393,0.34900000000000003
2020-12-18,United States,0.4086666666666667,0.47433333333333333,0.49066666666666664,0.48533333333333334,0.25933333333333336
2020-12-19,Portugal,0.579,0.331,0.424,0.343,0.344
2020-12-19,United Kingdom,0.472,0.423,0.362,0.354,0.294
2020-12-19,United States,0.464,0.45071428571428573,0.44328571428571434,0.41999999999999993,0.31700000000000006
2020-12-20,Canada,0.501,0.336,0.445,0.471,0.386
2020-12-20,Nigeria,0.473,0.324,0.3720000000000001,0.353,0.343
2020-12-20,South Africa,0.5479999999999999,0.343,0.466,0.368,0.364
2020-12-20,United Kingdom,0.3,0.58,0.624,0.607,0.2
2020-12-20,United States,0.4272,0.4504,0.38899999999999996,0.41220000000000007,0.2878
2020-12-21,Canada,0.5795,0.35750000000000004,0.4525,0.3765,0.4015
2020-12-21,Germany,0.463,0.464,0.468,0.442,0.365
2020-12-21,Nigeria,0.443,0.428,0.545,0.434,0.29100000000000004
2020-12-21,South Africa,0.434,0.495,0.532,0.5539999999999999,0.243
2020-12-21,United Kingdom,0.49,0.428,0.313,0.344,0.353
2020-12-21,United States,0.373,0.5306,0.45099999999999996,0.4732,0.273
2020-12-22,Canada,0.471,0.437,0.474,0.4235,0.35650000000000004
2020-12-22,United Kingdom,0.52,0.44,0.344,0.388,0.388
2020-12-22,United States,0.531,0.34199999999999997,0.40449999999999997,0.3735,0.365
2020-12-23,India,0.40800000000000003,0.4805,0.5375,0.459,0.22999999999999998
2020-12-23,Ireland,0.544,0.35700000000000004,0.506,0.404,0.404
2020-12-23,United States,0.40666666666666673,0.4106666666666667,0.5123333333333333,0.447,0.23833333333333337
2020-12-24,Canada,0.416,0.465,0.435,0.426,0.258
2020-12-24,Israel,0.418,0.502,0.421,0.4370000000000001,0.251
2020-12-24,United Kingdom,0.327,0.505,0.506,0.445,0.195
2020-12-24,United States,0.4546666666666666,0.44849999999999995,0.4326666666666667,0.44683333333333336,0.30683333333333335
2020-12-25,Namibia,0.429,0.503,0.58,0.486,0.265
2020-12-25,Pakistan,0.449,0.436,0.443,0.388,0.348
2020-12-25,United Kingdom,0.591,0.32,0.289,0.227,0.379
2020-12-25,United States,0.504,0.4206666666666667,0.37000000000000005,0.39866666666666667,0.349
2020-12-26,Australia,0.454,0.455,0.502,0.485,0.273
2020-12-26,Ghana,0.446,0.443,0.38,0.421,0.217
2020-12-26,India,0.502,0.337,0.393,0.3670000000000001,0.334
2020-12-26,Lebanon,0.488,0.4125,0.40149999999999997,0.3855,0.3275
2020-12-27,Canada,0.315,0.55,0.5670000000000001,0.5489999999999999,0.192
2020-12-27,Georgia,0.426,0.365,0.451,0.464,0.234
2020-12-27,India,0.32,0.509,0.369,0.416,0.155
2020-12-27,United States,0.4706666666666666,0.4243333333333334,0.40399999999999997,0.3953333333333333,0.3356666666666666
2020-12-28,Canada,0.544,0.387,0.355,0.366,0.408
2020-12-28,United States,0.4733333333333334,0.4593333333333333,0.4103333333333334,0.3918333333333333,0.30483333333333335
2020-12-29,Australia,0.4495,0.375,0.4135,0.3815,0.259
2020-12-29,South Africa,0.447,0.41,0.404,0.362,0.308
2020-12-29,United Kingdom,0.509,0.401,0.3915,0.3885,0.352
2020-12-29,United States,0.5840000000000001,0.345,0.34,0.3405,0.481
2020-12-30,Canada,0.53,0.408,0.324,0.331,0.359
2020-12-30,Ireland,0.531,0.415,0.339,0.366,0.376
2020-12-30,United Kingdom,0.369,0.5125,0.485,0.49650000000000005,0.247
2020-12-30,United States,0.502,0.383,0.34950000000000003,0.378,0.37050000000000005
2020-12-31,Canada,0.6890000000000001,0.192,0.289,0.251,0.574
2020-12-31,Indonesia,0.609,0.29100000000000004,0.231,0.294,0.4320000000000001
2020-12-31,United States,0.460875,0.4295,0.399875,0.39625,0.29437500000000005
2021-01-01,Canada,0.491,0.304,0.32,0.32299999999999995,0.309
2021-01-01,Japan,0.45,0.403,0.518,0.417,0.295
2021-01-01,United Kingdom,0.44733333333333336,0.4923333333333333,0.4053333333333333,0.39799999999999996,0.31366666666666665
2021-01-01,United States,0.3402,0.49820000000000003,0.5136000000000001,0.5048,0.18839999999999998
